campaign_id,seq_id,teselagen_plasmid_id,well
AP_OplR,Q12D_Q123D,AP_OplR_R2_0003,A3
AP_OplR,Q45S_Q123D,AP_OplR_R2_0008,A8
AP_OplR,T52G_Y255T,AP_OplR_R2_0009,A9
AP_OplR,Q63A_E218I,AP_OplR_R2_0010,A10
AP_OplR,Q63V_Q123D,AP_OplR_R2_0012,A12
AP_OplR,Q75R_Y255T,AP_OplR_R2_0013,B1
AP_OplR,F80A_Y255R,AP_OplR_R2_0014,B2
AP_OplR,Q99R_Q123D,AP_OplR_R2_0015,B3
AP_OplR,Q123D_Q155S,AP_OplR_R2_0016,B4
AP_OplR,Q123D_A187I,AP_OplR_R2_0018,B6
AP_OplR,Q123D_T190L,AP_OplR_R2_0019,B7
AP_OplR,Q123D_G237K,AP_OplR_R2_0020,B8
AP_OplR,Q123D_L241I,AP_OplR_R2_0021,B9
AP_OplR,Q123D_P254G,AP_OplR_R2_0022,B10
AP_OplR,Q123D_Y255R,AP_OplR_R2_0023,B11
AP_OplR,Q123D_Q264K,AP_OplR_R2_0024,B12
AP_OplR,Q123D_Q296H,AP_OplR_R2_0025,C1
AP_OplR,Q123D_Q303R,AP_OplR_R2_0026,C2
AP_OplR,Q123D_A309P,AP_OplR_R2_0027,C3
AP_OplR,Q123D_H318D,AP_OplR_R2_0029,C5
AP_OplR,K137A_Y255L,AP_OplR_R2_0030,C6
AP_OplR,K137P_Y255L,AP_OplR_R2_0031,C7
AP_OplR,K144A_Y255L,AP_OplR_R2_0033,C9
AP_OplR,K144A_Y255T,AP_OplR_R2_0034,C10
AP_OplR,K144D_Y255L,AP_OplR_R2_0035,C11
AP_OplR,K144E_Y255M,AP_OplR_R2_0038,D2
AP_OplR,Y146A_Y255T,AP_OplR_R2_0039,D3
AP_OplR,Y146C_Y255T,AP_OplR_R2_0040,D4
AP_OplR,Y146I_Y255T,AP_OplR_R2_0042,D6
AP_OplR,Y146L_Y255T,AP_OplR_R2_0043,D7
AP_OplR,Y146S_Y255M,AP_OplR_R2_0045,D9
AP_OplR,Y146S_Y255T,AP_OplR_R2_0046,D10
AP_OplR,E218I_Y255T,AP_OplR_R2_0050,E2
AP_OplR,E218L_Y255T,AP_OplR_R2_0051,E3
AP_OplR,E218M_Y255L,AP_OplR_R2_0052,E4
AP_OplR,E218R_Y255L,AP_OplR_R2_0053,E5
AP_OplR,E218R_Y255M,AP_OplR_R2_0054,E6
AP_OplR,E218R_Y255T,AP_OplR_R2_0055,E7
AP_OplR,Y220H_Y255M,AP_OplR_R2_0057,E9
AP_OplR,Y220H_Y255T,AP_OplR_R2_0058,E10
AP_OplR,G237R_Y255T,AP_OplR_R2_0059,E11
AP_OplR,Y255L_Q296H,AP_OplR_R2_0061,F1
AP_OplR,Y255L_A309P,AP_OplR_R2_0062,F2
AP_OplR,Y255M_A309P,AP_OplR_R2_0066,F6
AP_OplR,Y255T_E259S,AP_OplR_R2_0067,F7
AP_OplR,Y255T_Q296C,AP_OplR_R2_0069,F9
AP_OplR,Y255T_Q296H,AP_OplR_R2_0070,F10
AP_OplR,Y255T_Q296R,AP_OplR_R2_0071,F11
