seq_id,predicted_activity,relevant_measured_mutants,actual_activity
D5T,1.0157241666666672,D5M D5S D5Q D5T,1.024
D5Q,1.014530833333333,D5M D5S D5Q D5T,1.0295
D5S,1.0116266666666671,D5M D5S D5Q D5T,1.0236666666666665
D5A,1.005989166666667,D5M D5S D5Q D5T,
D5M,1.003598333333332,D5M D5S D5Q D5T,1.038
D5P,1.0031275000000002,D5M D5S D5Q D5T,
N6K,1.0030508333333341,N6K N6L N6Y N6F,1.0070000000000001
N6F,0.9968341666666667,N6K N6L N6Y N6F,1.012
N6L,0.9917025000000007,N6K N6L N6Y N6F,1.0043333333333333
D5N,0.9902733333333331,D5M D5S D5Q D5T,
E4G,0.9857700000000003,,
N6Y,0.9848999999999996,N6K N6L N6Y N6F,1.005
N6M,0.9846024999999998,N6K N6L N6Y N6F,
N6I,0.9829549999999998,N6K N6L N6Y N6F,
E4T,0.982906666666667,,
D5G,0.9827191666666667,D5M D5S D5Q D5T,
D5K,0.9820266666666665,D5M D5S D5Q D5T,
D5E,0.9811708333333332,D5M D5S D5Q D5T,
E4P,0.9792333333333337,,
T49V,0.977676666666667,,
E27D,0.9774141666666665,,
E4K,0.9769358333333331,,
E4A,0.9765575000000003,,
Q10K,0.974385,Q10N,
Q10T,0.9741333333333329,Q10N,
S71K,0.9735825000000008,S71K,0.9895
T49M,0.9733766666666662,,
E4S,0.9725658333333337,,
D5H,0.9723616666666662,D5M D5S D5Q D5T,
D5I,0.9720724999999995,D5M D5S D5Q D5T,
T33M,0.9720299999999998,,
T12K,0.9718000000000009,T12R T12K,0.9824999999999999
K42R,0.9714074999999999,,
N6Q,0.9713733333333329,N6K N6L N6Y N6F,
K3R,0.9711774999999997,,
E4Q,0.9711283333333336,,
N6R,0.9705783333333337,N6K N6L N6Y N6F,
K39R,0.9701766666666656,,
T16S,0.9701399999999993,,
I36L,0.9679758333333328,I36R,
T33L,0.9679033333333336,,
T49C,0.9677125000000002,,
E4L,0.9676158333333338,,
N6H,0.967505833333333,N6K N6L N6Y N6F,
R46K,0.9671849999999995,,
E4I,0.9667325000000002,,
T16C,0.9664650000000004,,
T49L,0.9663475000000001,,
V31L,0.9661549999999985,V31L,0.9973333333333333
E4N,0.9658758333333334,,
E4M,0.9658250000000004,,
A2K,0.9655591666666666,,
I7F,0.9655441666666666,I7L,
Y44K,0.965535833333333,,
T16A,0.9654908333333334,,
F69Y,0.9654891666666663,,
T33I,0.9653241666666663,,
I7L,0.9650866666666664,I7L,0.9545
D5V,0.9650149999999996,D5M D5S D5Q D5T,
L14V,0.9646399999999997,,
P59K,0.9643908333333339,,
T49P,0.9641516666666665,,
L14I,0.9640191666666665,,
Y44H,0.9637883333333334,,
T49A,0.9631758333333328,,
T12V,0.9630383333333331,T12R T12K,
T54M,0.962874166666667,T54K,
Y44R,0.9628233333333333,,
T20S,0.9627708333333331,,
T54V,0.9627599999999997,T54K,
M21T,0.9625649999999994,,
T49K,0.9621466666666669,,
L57I,0.9620208333333331,,
T20A,0.9618941666666665,,
E25Q,0.9618549999999998,,
T16M,0.961675833333333,,
S37A,0.9615899999999995,,
E4R,0.9615466666666665,,
E4H,0.9611450000000005,,
D5F,0.9606749999999998,D5M D5S D5Q D5T,
T49R,0.9602366666666668,,
WT,0.959963333333333,,
N6T,0.9590183333333332,N6K N6L N6Y N6F,
D5L,0.9589666666666665,D5M D5S D5Q D5T,
T16K,0.9586733333333332,,
V53T,0.9585724999999993,,
Q10V,0.9583466666666659,Q10N,
V31I,0.9581641666666662,V31L,
S37C,0.9581591666666668,,
N6S,0.9576549999999996,N6K N6L N6Y N6F,
T33V,0.9576183333333331,,
L14T,0.9566299999999999,,
V32I,0.9565708333333329,,
E4V,0.9565633333333333,,
T16R,0.9564508333333335,,
I47V,0.9564383333333325,,
T54R,0.9562041666666667,T54K,
I7Y,0.9560333333333334,I7L,
I7M,0.9559941666666666,I7L,
T16L,0.9556950000000001,,
T49I,0.955405,,
L48M,0.9552616666666666,,
A2G,0.9552416666666663,,
L62M,0.9550291666666663,L62K,
S37G,0.9546383333333331,,
I7V,0.9544966666666661,I7L,
L14M,0.9544324999999999,,
P59R,0.9541008333333336,,
V68I,0.9539066666666659,,
S71T,0.9535991666666667,S71K,
L48V,0.9533633333333333,,
V53H,0.9533574999999996,,
V53E,0.9527833333333331,,
T12R,0.9526000000000012,T12R T12K,0.9778333333333333
Q10S,0.9525299999999995,Q10N,
E8K,0.9522599999999999,E8A,
N6V,0.9522091666666667,N6K N6L N6Y N6F,
M21Q,0.952108333333333,,
N6C,0.9518875000000001,N6K N6L N6Y N6F,
K52R,0.9518124999999995,,
S71R,0.9517525000000004,S71K,
S71H,0.9514816666666667,S71K,
A2R,0.9511833333333334,,
E8V,0.9509866666666666,E8A,
Q10R,0.9509233333333336,Q10N,
H30K,0.9507608333333337,H30G,
M21S,0.9507125000000005,,
R23K,0.950650833333333,,
S63T,0.950614166666666,S63N,
P59A,0.9504308333333334,,
M9L,0.9504274999999993,,
S71L,0.9500383333333334,S71K,
E8I,0.9498541666666663,E8A,
T58S,0.9498199999999999,,
L57M,0.9498074999999991,,
T54I,0.9494708333333329,T54K,
T54K,0.9492891666666662,T54K,0.9339999999999999
H30Y,0.9487333333333335,H30G,
T54L,0.9486741666666667,T54K,
K3H,0.9485991666666667,,
S63K,0.9485024999999999,S63N,
S71Q,0.9483791666666666,S71K,
Q10N,0.9480158333333323,Q10N,0.943
V32L,0.94772,,
L48R,0.9476591666666668,,
S71N,0.9474524999999998,S71K,
R72K,0.9473633333333331,,
H30T,0.9472816666666666,H30G,
I7C,0.9471425000000003,I7L,
I36C,0.9469900000000002,I36R,
N6P,0.9463874999999995,N6K N6L N6Y N6F,
A2P,0.946348333333333,,
S71Y,0.9462974999999999,S71K,
I7W,0.946235,I7L,
L14K,0.9462116666666671,,
T16H,0.9457808333333335,,
S71A,0.9457199999999996,S71K,
S37T,0.9456291666666662,,
P59S,0.9456000000000002,,
S71I,0.94546,S71K,
M40L,0.9453574999999997,,
Y60F,0.9453266666666664,Y60Q,
I36V,0.9451016666666661,I36R,
T20G,0.9448991666666664,,
L62K,0.9445800000000005,L62K,0.9535
T49Q,0.944493333333333,,
L48N,0.944400833333333,,
K3V,0.9442283333333329,,
N43R,0.9438158333333335,,
K3N,0.943675833333333,,
E4F,0.9436633333333333,,
E8M,0.9434874999999998,E8A,
A2Q,0.9434433333333326,,
T16Q,0.9434408333333333,,
P59T,0.9433908333333335,,
P59N,0.943241666666667,,
K64R,0.9432083333333329,,
L48C,0.9430775000000001,,
L48Q,0.9429816666666663,,
D61N,0.9428958333333337,,
E8Q,0.9428391666666667,E8A,
L62I,0.9427574999999995,L62K,
S71P,0.9427274999999997,S71K,
L48K,0.9425858333333332,,
S71F,0.9424641666666664,S71K,
H35K,0.9422808333333335,,
I45M,0.9422291666666667,,
L14R,0.9421441666666668,,
V53N,0.9420324999999997,,
T20C,0.9419408333333332,,
T49S,0.9418333333333329,,
F22Y,0.9417716666666662,,
I36M,0.9414899999999996,I36R,
M21F,0.9414283333333339,,
A2V,0.9414083333333327,,
D5R,0.9413791666666665,D5M D5S D5Q D5T,
A2N,0.9411758333333328,,
P59G,0.9409425000000005,,
Y44Q,0.9408991666666663,,
E56K,0.9408608333333333,,
T58G,0.9407083333333333,,
R66K,0.9406824999999999,,
L62V,0.9406583333333332,L62K,
M21H,0.9406383333333338,,
V55I,0.9405291666666666,,
M21L,0.9405058333333334,,
E8L,0.9404125000000001,E8A,
I36R,0.940386666666667,I36R,0.9554999999999999
N6A,0.9402924999999998,N6K N6L N6Y N6F,
S71M,0.9402100000000003,S71K,
K42T,0.9401616666666663,,
I45V,0.9401474999999999,,
Y44F,0.9399516666666662,,
I47L,0.9398983333333331,,
T58N,0.9398724999999998,,
K42S,0.9398449999999999,,
M21I,0.9397766666666669,,
K3Q,0.9397374999999997,,
H35V,0.9395416666666665,,
F22M,0.9394541666666666,,
I36A,0.9394433333333337,I36R,
M9K,0.9392958333333337,,
Y60W,0.9390349999999998,Y60Q,
Q10A,0.9386775000000003,Q10N,
L62P,0.9386649999999996,L62K,
A34C,0.938645,,
D5Y,0.9385158333333332,D5M D5S D5Q D5T,
H35T,0.9384966666666665,,
H30S,0.9384058333333338,H30G,
N6E,0.9383999999999999,N6K N6L N6Y N6F,
S37Q,0.938371666666666,,
E25K,0.9383441666666663,,
S63R,0.9381516666666664,S63N,
T58H,0.9381066666666671,,
Q10I,0.9379366666666665,Q10N,
H30A,0.9378200000000001,H30G,
S37R,0.9378066666666665,,
P18K,0.9377875000000003,,
M9V,0.9377724999999998,,
T33C,0.9377683333333333,,
M21K,0.9377583333333335,,
K3T,0.9377141666666663,,
E8F,0.9376733333333331,E8A,
L17F,0.9375500000000001,,
T12I,0.9374741666666666,T12R T12K,
S37I,0.9372925000000001,,
H30F,0.9371091666666668,H30G,
Y44N,0.9370149999999997,,
S71G,0.9369616666666662,S71K,
T54Q,0.9368283333333332,T54K,
H30M,0.9368124999999999,H30G,
L57V,0.9367783333333333,,
K42N,0.9367533333333333,,
E8T,0.9366700000000001,E8A,
V31M,0.9366366666666665,V31L,
N43H,0.9364874999999999,,
T49N,0.9364591666666666,,
I7H,0.9364583333333333,I7L,
H30G,0.9363908333333342,H30G,0.9825
K42H,0.9363775000000003,,
V53I,0.9363333333333328,,
P59H,0.9363216666666667,,
D5C,0.9362966666666666,D5M D5S D5Q D5T,
K3M,0.9361933333333333,,
L48A,0.9361300000000001,,
S37K,0.936010833333333,,
L62F,0.9359591666666663,L62K,
S37N,0.9358908333333333,,
V13I,0.9357308333333332,,
V31T,0.9356983333333331,V31L,
M9Q,0.9355466666666669,,
K42A,0.9353558333333334,,
H35Q,0.9353249999999999,,
V53K,0.9352549999999998,,
K42M,0.9352466666666666,,
Q10M,0.9351041666666664,Q10N,
T33Q,0.9350833333333334,,
N19S,0.9350091666666664,,
R46N,0.9350075000000001,,
H30V,0.9349858333333334,H30G,
F69K,0.9349333333333331,,
M21Y,0.9347883333333334,,
S71W,0.9347733333333335,S71K,
K42G,0.9347158333333332,,
M40F,0.9346158333333334,,
S37V,0.9345308333333331,,
S63G,0.9343341666666664,S63N,
V68T,0.9341241666666664,,
K42L,0.934115,,
S63Q,0.9340716666666664,S63N,
H35S,0.9340258333333332,,
F69W,0.9339941666666666,,
L48S,0.9339849999999995,,
T12M,0.9339083333333333,T12R T12K,
H35Y,0.9335466666666663,,
L48I,0.9335399999999997,,
N43Q,0.9334666666666664,,
K3S,0.9334666666666662,,
H30I,0.9334208333333333,H30G,
I36T,0.9333516666666668,I36R,
Y44S,0.9332058333333331,,
F69R,0.9331783333333331,,
T49H,0.9330600000000001,,
I7K,0.9330366666666672,I7L,
M21N,0.9330333333333337,,
K3I,0.9330283333333327,,
E4D,0.9329183333333327,,
A2T,0.932728333333333,,
E25R,0.9327166666666663,,
T16N,0.9326758333333331,,
S63A,0.9326308333333329,S63N,
H30Q,0.9326149999999994,H30G,
E4Y,0.9325775000000002,,
M21V,0.9325158333333339,,
T12Q,0.9323891666666673,T12R T12K,
I45L,0.9323125,,
V53R,0.9321424999999999,,
I7Q,0.9320425000000001,I7L,
H35R,0.9319725,,
Q10H,0.9318958333333331,Q10N,
Q10E,0.9315683333333331,Q10N,
H35A,0.9315291666666669,,
R23L,0.9315208333333338,,
P59Q,0.9313608333333334,,
K42I,0.9312608333333334,,
K52Q,0.9312124999999998,,
I47M,0.9311908333333336,,
K3G,0.931175833333333,,
P59I,0.9310825,,
S71V,0.9310308333333336,S71K,
P59Y,0.9310008333333335,,
T49Y,0.9308933333333332,,
K42Q,0.9306424999999998,,
T54Y,0.9306266666666666,T54K,
Q10L,0.9305374999999995,Q10N,
K3P,0.9305224999999996,,
L17K,0.9304708333333339,,
T20Y,0.930470833333333,,
T12L,0.9304008333333336,T12R T12K,
T33K,0.930379166666667,,
I7R,0.9303541666666666,I7L,
M9I,0.9303016666666664,,
S37P,0.9302674999999999,,
P59M,0.9302525000000001,,
I67V,0.9300424999999997,,
K42V,0.9299958333333332,,
L14S,0.9298566666666669,,
H30L,0.9297433333333331,H30G,
K3Y,0.9296833333333333,,
Y44W,0.9296475,,
K3A,0.9296399999999996,,
L17Y,0.9296200000000002,,
T20M,0.929588333333333,,
H35M,0.9295633333333335,,
L48G,0.9295333333333333,,
E4C,0.9294383333333337,,
M40A,0.9293716666666664,,
T33H,0.9293183333333335,,
R72A,0.9292708333333328,,
G65A,0.9292483333333333,,
F69M,0.9290766666666664,,
K3L,0.929023333333333,,
V53D,0.9290183333333333,,
E15Q,0.9289233333333335,,
H30R,0.9288308333333335,H30G,
L62T,0.92881,L62K,
T49G,0.9287250000000004,,
I7N,0.9284491666666668,I7L,
M1V,0.9284283333333332,,
T54W,0.9284258333333334,T54K,
N43G,0.9284208333333329,,
M40V,0.9283366666666663,,
S63F,0.9283024999999998,S63N,
L62A,0.9282791666666668,L62K,
E15K,0.9282433333333333,,
R46T,0.9282258333333331,,
K39T,0.9281241666666665,,
A2S,0.9280516666666664,,
E8R,0.9279591666666671,E8A,
V53P,0.9278666666666665,,
K39H,0.9278574999999999,,
I45T,0.9277683333333333,,
L62N,0.9277658333333332,L62K,
L48E,0.9276941666666665,,
H35E,0.9275691666666666,,
L48T,0.9274549999999998,,
V68C,0.927209166666667,,
N43S,0.9271616666666667,,
Y44G,0.9270799999999996,,
L62Q,0.9268849999999997,L62K,
D51E,0.9268825000000005,,
A2D,0.9268549999999998,,
S63E,0.9268133333333328,S63N,
N6W,0.9267458333333333,N6K N6L N6Y N6F,
M40I,0.9264758333333332,,
T54S,0.9264083333333333,T54K,
K42F,0.9263683333333335,,
M40S,0.9263108333333335,,
T20H,0.9262716666666663,,
L14C,0.9260466666666669,,
N43K,0.9259891666666671,,
E56M,0.9259791666666666,,
L62S,0.9259641666666668,L62K,
N19A,0.9259300000000005,,
M40Y,0.9258449999999996,,
T54H,0.9258358333333335,T54K,
A2E,0.9258008333333332,,
L57F,0.9257025,,
Q10P,0.9255966666666667,Q10N,
Y60H,0.9255191666666662,Y60Q,
T16I,0.9255158333333331,,
N43E,0.9254549999999995,,
Y44D,0.9254325,,
H35I,0.9254133333333333,,
T20L,0.925383333333333,,
R46Q,0.9253033333333334,,
T58A,0.9252341666666665,,
R46H,0.9252216666666662,,
A34G,0.9250816666666668,,
V31F,0.9250200000000001,V31L,
V55L,0.9249825,,
S63D,0.9249174999999991,S63N,
T49E,0.9248433333333332,,
H30N,0.9247866666666669,H30G,
E8N,0.9247741666666666,E8A,
F69A,0.9247525,,
V32M,0.924731666666667,,
P18D,0.9246750000000001,,
R41K,0.9246399999999996,R41M,
R72Q,0.92452,,
H35F,0.9244074999999999,,
M40T,0.9244066666666668,,
T58C,0.9242008333333335,,
E25M,0.9241925000000001,,
K39Q,0.9240708333333326,,
I36S,0.9240075000000003,I36R,
T16Y,0.9239816666666671,,
Y44T,0.9239574999999995,,
T16V,0.9239258333333332,,
R23T,0.9239091666666671,,
K39A,0.9237941666666667,,
E8S,0.9237941666666662,E8A,
N43A,0.9237933333333335,,
K42D,0.9237908333333334,,
T20N,0.9237299999999994,,
R72N,0.9237216666666664,,
H35C,0.9237183333333338,,
T16E,0.9235375000000005,,
I45A,0.9233616666666665,,
N43D,0.9233616666666664,,
N19D,0.923246666666666,,
L62Y,0.9231766666666669,L62K,
T58K,0.9230816666666665,,
L48F,0.9230366666666667,,
E56A,0.9230125000000002,,
N6G,0.9229758333333327,N6K N6L N6Y N6F,
Y44M,0.9229683333333331,,
V31Q,0.9229008333333334,V31L,
F69Q,0.9228633333333327,,
T12E,0.9228433333333338,T12R T12K,
M9Y,0.9228158333333332,,
M21R,0.9227341666666666,,
S63V,0.9226466666666664,S63N,
K52H,0.9224849999999998,,
N6D,0.9224724999999997,N6K N6L N6Y N6F,
I36K,0.9224416666666668,I36R,
Y44V,0.9223549999999999,,
L14Q,0.9223283333333333,,
S63L,0.9223191666666665,S63N,
T33R,0.9222958333333335,,
L26C,0.9222675000000002,,
R72S,0.9222658333333329,,
E8H,0.9222525000000001,E8A,
L14A,0.9221558333333337,,
Y60A,0.9221358333333332,Y60Q,
K3E,0.9220241666666668,,
E56Q,0.9219583333333331,,
M21E,0.9218041666666669,,
K3D,0.9217066666666662,,
L48D,0.9216616666666664,,
Q10D,0.9215341666666664,Q10N,
Y44L,0.9213799999999996,,
T16F,0.9213616666666669,,
F69N,0.9213433333333328,,
P18G,0.9213374999999998,,
S37M,0.9213258333333333,,
I7P,0.9213250000000004,I7L,
M40C,0.9213016666666667,,
H35N,0.9212025,,
T20F,0.9211324999999999,,
K42Y,0.9209500000000004,,
I7T,0.9208941666666671,I7L,
I45C,0.9208924999999997,,
M21W,0.9208908333333337,,
R23E,0.9206933333333336,,
T33Y,0.9205533333333332,,
P59D,0.920284166666667,,
L48Y,0.9202499999999997,,
R72G,0.9201233333333331,,
E56R,0.920120833333333,,
Y44A,0.9201066666666664,,
E56V,0.9199216666666667,,
A2M,0.9199058333333331,,
K52T,0.9199016666666665,,
T49F,0.919834166666667,,
P59V,0.9197316666666668,,
F69S,0.9196649999999998,,
K52N,0.9195808333333332,,
F69T,0.9193883333333329,,
T58D,0.9193141666666665,,
R72T,0.9192441666666666,,
H30E,0.919184166666667,H30G,
K39P,0.9191441666666667,,
K3F,0.9190958333333331,,
D61E,0.9190441666666667,,
I67L,0.9190058333333334,,
T16P,0.9188241666666669,,
V31K,0.9187675000000003,V31L,
E25L,0.9187499999999998,,
Y44E,0.9186616666666667,,
R23V,0.9186333333333336,,
T20Q,0.9186066666666665,,
Y44I,0.9185908333333329,,
S63M,0.9185825,S63N,
R46A,0.9185708333333338,,
H35L,0.9185425000000003,,
T54N,0.9185158333333332,T54K,
M9H,0.9185125,,
K39S,0.9184958333333333,,
E25I,0.9184783333333333,,
K39M,0.9184216666666666,,
M9C,0.9183816666666664,,
L62G,0.9183300000000003,L62K,
V68K,0.9183141666666669,,
M9T,0.9183108333333333,,
L17R,0.9182733333333337,,
R66V,0.9182125000000002,,
I45K,0.9181616666666663,,
N28S,0.918156666666667,N28W,
Q10Y,0.918138333333333,Q10N,
V31Y,0.9181225000000002,V31L,
V31R,0.9181041666666672,V31L,
L62D,0.9178550000000003,L62K,
Y60Q,0.9178491666666656,Y60Q,0.9275
L14H,0.9177875000000004,,
T54C,0.9176758333333338,T54K,
I45F,0.9176458333333334,,
F69H,0.9176274999999993,,
L48H,0.917581666666666,,
Y60R,0.9175674999999999,Y60Q,
M40G,0.9175566666666668,,
K39N,0.9173591666666665,,
M9A,0.9172533333333334,,
L17M,0.9171999999999997,,
P59E,0.9171583333333336,,
M1A,0.9168891666666671,,
N19G,0.9168091666666665,,
K39V,0.9167458333333335,,
R23I,0.9167025000000004,,
I7S,0.9166916666666672,I7L,
V68L,0.9166249999999994,,
R46D,0.9164141666666669,,
E27N,0.9163700000000002,,
L62H,0.9163558333333335,L62K,
Y60S,0.9163299999999996,Y60Q,
T33F,0.9163250000000001,,
E56L,0.91628,,
K42E,0.9162675,,
E56F,0.9162358333333329,,
Y60E,0.9161324999999997,Y60Q,
I36F,0.9159333333333337,I36R,
L26T,0.9159100000000007,,
L62W,0.9158050000000004,L62K,
E25H,0.9157541666666671,,
A2I,0.9156974999999996,,
E4W,0.9156191666666664,,
H30D,0.9156033333333339,H30G,
N43T,0.915580833333334,,
V53C,0.9153899999999996,,
T49D,0.9153441666666667,,
L17H,0.9149933333333338,,
A2L,0.9149633333333326,,
Y60G,0.9147174999999996,Y60Q,
T20K,0.9145791666666664,,
M40W,0.9144099999999998,,
T20W,0.9142583333333332,,
G38P,0.9142216666666663,,
S71E,0.9141649999999995,S71K,
L62E,0.9141449999999998,L62K,
P59L,0.9140533333333337,,
P18N,0.9140524999999999,,
R23M,0.9140350000000004,,
M9F,0.9140083333333334,,
E8Y,0.9138649999999997,E8A,
K64T,0.9137874999999999,,
M40P,0.913780833333333,,
L17Q,0.9136575000000002,,
M21C,0.913650833333334,,
E56I,0.9136274999999998,,
K52S,0.9133949999999998,,
L14Y,0.9132741666666672,,
Y60V,0.9132566666666664,Y60Q,
K42W,0.9132341666666669,,
L17I,0.9131208333333336,,
M40N,0.913093333333333,,
M1K,0.9130666666666671,,
R46G,0.9130191666666669,,
A2H,0.9129399999999996,,
F69L,0.9129349999999999,,
E56Y,0.9127649999999994,,
T58V,0.9125449999999996,,
K64Q,0.9125116666666665,,
K42C,0.9123250000000005,,
F69I,0.9123158333333332,,
S37D,0.9121300000000006,,
I45N,0.9121049999999997,,
I7A,0.9119658333333337,I7L,
N19E,0.9118441666666665,,
R46S,0.9118433333333332,,
R23Q,0.9118400000000001,,
Y44C,0.9117541666666669,,
P18E,0.9115958333333335,,
V68R,0.9115166666666669,,
T12H,0.9114708333333341,T12R T12K,
L57C,0.9114000000000004,,
Y60N,0.9112591666666664,Y60Q,
T58E,0.9110908333333332,,
L62R,0.9109900000000002,L62K,
I47T,0.9109341666666668,,
M9R,0.9109191666666671,,
V55M,0.9108675,,
R72H,0.9108483333333334,,
I45Y,0.910825833333333,,
Q10F,0.9108174999999994,Q10N,
S63I,0.9106324999999997,S63N,
N19Q,0.9106133333333335,,
F69G,0.9105883333333337,,
G38A,0.9105883333333334,,
H30C,0.9105800000000005,H30G,
T33W,0.9105725000000001,,
E25A,0.9104275000000002,,
P18A,0.9104099999999998,,
L17N,0.9103733333333338,,
R46Y,0.9101366666666668,,
T16G,0.909880833333334,,
L26M,0.9097566666666667,,
M40H,0.9097116666666665,,
T33E,0.9095799999999998,,
M1H,0.9095775000000001,,
V31S,0.9094291666666675,V31L,
K64M,0.9094133333333331,,
R23S,0.9093966666666671,,
K52E,0.9090891666666667,,
T16W,0.9090800000000003,,
I45Q,0.9090491666666662,,
L62C,0.908869166666667,L62K,
E27K,0.908854166666667,,
I36N,0.9088466666666669,I36R,
E15R,0.9088008333333335,,
N43W,0.9087666666666665,,
R72M,0.9087624999999998,,
V31E,0.9087533333333333,V31L,
T58R,0.908724166666667,,
M1R,0.9087166666666668,,
K39L,0.9086433333333335,,
I47Y,0.9085733333333336,,
P59F,0.9085666666666669,,
K64A,0.9085208333333332,,
I47C,0.9084891666666671,,
E15M,0.9084250000000003,,
K3C,0.9083933333333333,,
T20R,0.9083049999999997,,
M40E,0.9082616666666664,,
Y60M,0.908225833333333,Y60Q,
Y60K,0.9081749999999996,Y60Q,
A34S,0.908109166666667,,
R46M,0.9081075,,
M1S,0.9080825000000001,,
E15S,0.9079983333333337,,
L26I,0.9079691666666672,,
M1N,0.9079333333333335,,
N19K,0.9078991666666671,,
L14F,0.9078791666666671,,
K39Y,0.907851666666667,,
M1L,0.9076633333333334,,
M21A,0.9075666666666672,,
E15H,0.9074666666666665,,
P18R,0.9074508333333337,,
M9S,0.907449166666667,,
S63H,0.9072858333333328,S63N,
R46E,0.9071899999999999,,
K39D,0.9071291666666665,,
H35P,0.9070558333333334,,
R72V,0.9069925000000001,,
N43M,0.9069533333333334,,
Q10C,0.906886666666667,Q10N,
M1D,0.906766666666667,,
N19H,0.9066233333333336,,
S71D,0.9065674999999994,S71K,
T33N,0.906515,,
K64F,0.9064333333333332,,
K39E,0.9064166666666668,,
E25N,0.9062600000000007,,
E8P,0.9061575000000002,E8A,
V31H,0.9058375000000004,V31L,
M40Q,0.9057433333333329,,
E56S,0.9057416666666666,,
F69V,0.9057149999999998,,
N28D,0.9057066666666674,N28W,
K39G,0.9055133333333335,,
T54A,0.9055091666666674,T54K,
M40D,0.9052449999999999,,
R72E,0.9052275000000002,,
D61S,0.9050325000000002,,
S37E,0.9049866666666666,,
M1E,0.9049625000000003,,
N43L,0.9047391666666669,,
E56T,0.9044516666666668,,
T12N,0.9044483333333336,T12R T12K,
L17C,0.9044100000000002,,
E56H,0.9043758333333335,,
T33D,0.9043425000000002,,
Q10G,0.9042725000000007,Q10N,
T54E,0.9042508333333339,T54K,
V32C,0.9042325000000002,,
R70K,0.9041891666666669,,
K39I,0.9041550000000005,,
F69E,0.9040616666666665,,
R23H,0.9040608333333338,,
I47F,0.9038258333333336,,
A34V,0.9038108333333332,,
M1T,0.9037808333333337,,
K39F,0.9037358333333334,,
G38T,0.9037124999999997,,
S63Y,0.9036349999999999,S63N,
E25V,0.9036333333333337,,
K64G,0.9036266666666671,,
Y60I,0.9034499999999995,Y60Q,
K64H,0.9033899999999998,,
M40R,0.9033758333333333,,
I36P,0.903364166666667,I36R,
R72P,0.9032941666666663,,
L26F,0.9032508333333337,,
I45E,0.9030224999999996,,
E27A,0.9029283333333338,,
M1Q,0.902868333333333,,
R46V,0.9028583333333333,,
T33S,0.902743333333334,,
I45H,0.9027316666666664,,
G38K,0.9026633333333334,,
H35D,0.9025616666666668,,
I36G,0.9024750000000007,I36R,
K42P,0.9024650000000003,,
R72D,0.9023133333333333,,
V24I,0.9022933333333337,,
R23A,0.902205833333334,,
V68M,0.9019566666666666,,
R66I,0.9017725000000003,,
M40K,0.9017333333333335,,
I36Y,0.901691666666667,I36R,
M1G,0.9016325000000005,,
T54F,0.9016083333333336,T54K,
R46F,0.9014516666666669,,
T20D,0.901400833333333,,
T12C,0.9013550000000002,T12R T12K,
I7E,0.9012558333333338,I7L,
R72L,0.901245,,
G38S,0.901239166666667,,
K52L,0.9011358333333334,,
F22L,0.9011008333333335,,
N43Y,0.9010875000000003,,
L14W,0.901074166666667,,
R66T,0.9009649999999999,,
R46I,0.9007200000000002,,
R66M,0.9006983333333332,,
K64L,0.9003675,,
H35W,0.9003416666666668,,
L14E,0.9003075000000007,,
P18S,0.9001291666666664,,
L17W,0.9000683333333338,,
E25T,0.9000566666666668,,
T20E,0.9000108333333329,,
D61G,0.8998783333333339,,
K52A,0.8998300000000001,,
L17V,0.8998250000000003,,
E15D,0.8998016666666662,,
K64I,0.8996516666666671,,
A2Y,0.8996341666666666,,
E27S,0.8993975000000002,,
E56D,0.8993541666666666,,
R41Y,0.8991500000000003,R41M,
S37H,0.8991341666666663,,
I45S,0.8991058333333329,,
M21D,0.8989250000000005,,
P59C,0.898909166666667,,
D61T,0.8988775000000006,,
R72I,0.8988566666666664,,
K52M,0.8988466666666663,,
V31A,0.8988141666666672,V31L,
S37L,0.8986991666666668,,
F69D,0.8985183333333332,,
N19Y,0.8983558333333335,,
N19F,0.898214166666667,,
G38Q,0.8982008333333333,,
Y44P,0.8981691666666666,,
R66L,0.898015,,
K64C,0.8979575000000001,,
T49W,0.8979008333333336,,
T16D,0.8977808333333338,,
T33A,0.8976975000000006,,
E25C,0.8976916666666672,,
E27T,0.897546666666667,,
K52G,0.8972583333333337,,
Y60P,0.8971574999999998,Y60Q,
R23N,0.8970516666666667,,
L14N,0.8970041666666672,,
V31N,0.8968858333333338,V31L,
S71C,0.8968066666666671,S71K,
V53Y,0.8964408333333337,,
G38N,0.8962741666666666,,
R41T,0.8962733333333333,R41M,
M1P,0.8962483333333334,,
V13C,0.8962333333333338,,
E8C,0.8962008333333336,E8A,
R72Y,0.8961666666666664,,
E25S,0.896044166666667,,
K64V,0.8960191666666668,,
I45D,0.8958208333333328,,
E8W,0.8956999999999996,E8A,
F22W,0.8956900000000003,,
Y60D,0.8956133333333335,Y60Q,
R72F,0.8953833333333331,,
Y60L,0.8953508333333333,Y60Q,
I7D,0.8952291666666673,I7L,
E56W,0.8950941666666666,,
N43C,0.8948033333333334,,
Q10W,0.8947541666666667,Q10N,
T12S,0.8945516666666673,T12R T12K,
S63W,0.8944058333333337,S63N,
R41Q,0.8943575000000002,R41M,
E56N,0.8943208333333333,,
T20I,0.8938766666666668,,
V55F,0.893821666666667,,
E27P,0.8937183333333337,,
E56C,0.8937141666666668,,
S63N,0.8936883333333319,S63N,0.8445
D61Q,0.8936116666666671,,
L57W,0.8935183333333342,,
T58M,0.8932999999999999,,
I36H,0.8932841666666671,I36R,
M1I,0.8927108333333332,,
R41A,0.8924808333333337,R41M,
L48W,0.8918008333333332,,
E27G,0.891755833333334,,
R41H,0.8917000000000003,R41M,
H35G,0.8916358333333335,,
K64E,0.8915433333333337,,
E15G,0.8915191666666668,,
N28T,0.8914925000000002,N28W,
D5W,0.8914483333333336,D5M D5S D5Q D5T,
I45G,0.8913416666666663,,
I45R,0.8913308333333331,,
I36Q,0.8910441666666665,I36R,
R66A,0.8909566666666667,,
D61C,0.8908000000000004,,
V68N,0.8907625000000003,,
E27Q,0.8906525000000005,,
E27M,0.8905400000000001,,
L14D,0.8905341666666673,,
R66N,0.8905333333333334,,
K64Y,0.8904624999999998,,
N28G,0.8903475000000004,N28W,
L17T,0.8903383333333335,,
R41P,0.8901575000000004,R41M,
E27I,0.890024166666667,,
K64S,0.889745,,
V32T,0.8897250000000002,,
K52D,0.8896983333333336,,
V68A,0.8896383333333339,,
R41F,0.8895975000000002,R41M,
V24L,0.8895550000000008,,
N43F,0.8895425,,
R66Q,0.8895225000000004,,
V55C,0.8894583333333336,,
T20V,0.8893825000000003,,
T54D,0.8892708333333337,T54K,
K39C,0.888759166666667,,
K52V,0.8886058333333334,,
E27V,0.8885816666666674,,
L17E,0.8883283333333333,,
N19C,0.8882833333333334,,
V32K,0.888261666666667,,
M1F,0.8882483333333334,,
A34T,0.8876866666666673,,
R41M,0.887661666666667,R41M,0.879
E27L,0.8875808333333337,,
E15A,0.8874933333333339,,
I47A,0.8874666666666668,,
N28C,0.8874133333333336,N28W,
T58Q,0.8873308333333331,,
A2C,0.8868566666666666,,
E15C,0.8867891666666671,,
E27F,0.8867075000000001,,
V31C,0.8866483333333338,V31L,
K64N,0.8866058333333335,,
E25Y,0.8864408333333332,,
G11A,0.8864383333333339,,
E15W,0.8863633333333335,,
P18T,0.8861858333333339,,
R66F,0.8861374999999999,,
G65M,0.8861225000000007,,
N19M,0.8857958333333336,,
V53Q,0.8857841666666671,,
R70T,0.885339166666667,,
Y60T,0.8852124999999998,Y60Q,
K64D,0.8852050000000005,,
L57T,0.8851783333333338,,
R41V,0.8851758333333335,R41M,
P59W,0.8851175000000001,,
L17A,0.8851116666666669,,
R46W,0.8851108333333335,,
R41S,0.8850425000000003,R41M,
E56G,0.8849733333333336,,
V24C,0.8847258333333333,,
G38D,0.8846800000000004,,
F22V,0.8846341666666667,,
I7G,0.8845925000000004,I7L,
M9E,0.8845275000000004,,
R41I,0.8845183333333334,R41M,
E15Y,0.8844233333333336,,
T12F,0.8843275000000004,T12R T12K,
G38H,0.8842733333333331,,
V31D,0.8842666666666674,V31L,
R41N,0.8842274999999999,R41M,
I36E,0.8841808333333337,I36R,
M9W,0.8841233333333334,,
I45W,0.8839449999999998,,
M1C,0.8839158333333335,,
R46L,0.8838875000000002,,
E15V,0.8838400000000006,,
R41E,0.8838375000000006,R41M,
E15T,0.8833641666666672,,
R70I,0.883195,,
R46C,0.8831258333333334,,
G38M,0.8831225,,
A2F,0.8829691666666668,,
F69C,0.8826566666666671,,
S63P,0.8824275000000005,S63N,
R23C,0.8823566666666671,,
R41L,0.8822933333333337,R41M,
K52C,0.8822808333333336,,
H30W,0.8822708333333337,H30G,
A34I,0.8822225000000001,,
R66Y,0.8821825000000003,,
A2W,0.8820550000000001,,
T33G,0.8819875000000006,,
E27C,0.8819666666666671,,
A34M,0.8819058333333336,,
R70L,0.8818183333333333,,
I47W,0.8814791666666671,,
N19L,0.8811333333333335,,
K52I,0.8811000000000001,,
R70M,0.8811,,
R70F,0.8809791666666668,,
R70V,0.8809433333333334,,
E27H,0.880936666666667,,
K52F,0.8806683333333336,,
V32F,0.8806441666666674,,
L57Y,0.8805875000000007,,
R23D,0.8803300000000006,,
D61H,0.8794141666666674,,
M21G,0.8793825000000006,,
M1W,0.8793816666666667,,
M1Y,0.8793108333333335,,
T58I,0.8791358333333332,,
R66E,0.8791000000000002,,
L57A,0.8790750000000006,,
G65F,0.8789908333333336,,
T54G,0.8789650000000006,T54K,
T12Y,0.8789325000000001,T12R T12K,
M9N,0.8788816666666669,,
V32A,0.8788516666666673,,
E25F,0.8786308333333335,,
V68S,0.8785108333333339,,
L17S,0.8782383333333337,,
P18Q,0.8781833333333338,,
S63C,0.8777191666666672,S63N,
E15L,0.8774983333333338,,
E25D,0.8774541666666675,,
R41D,0.8774458333333339,R41M,
E27Y,0.8773550000000001,,
L17D,0.877166666666667,,
R70A,0.876895,,
R72C,0.8767675000000006,,
F22I,0.876681666666667,,
L14G,0.8765250000000006,,
G11W,0.87651,,
G29N,0.8764191666666674,G29P,
E25G,0.8762516666666671,,
N19T,0.8761841666666667,,
D51N,0.876148333333334,,
T12W,0.8760591666666667,T12R T12K,
K3W,0.87604,,
R41G,0.875939166666667,R41M,
R66S,0.8757575000000002,,
P18H,0.8756100000000003,,
G11C,0.875468333333334,,
G65C,0.8754683333333333,,
I36D,0.8754508333333336,I36R,
G38C,0.8754249999999999,,
G38L,0.8753216666666667,,
D51Q,0.8753083333333339,,
G50D,0.875300833333334,,
V13T,0.8753008333333337,,
E15N,0.8747216666666671,,
V53L,0.8743633333333339,,
E8D,0.8743550000000002,E8A,
E25W,0.8740033333333334,,
V31W,0.8739525000000005,V31L,
G65Y,0.8739316666666669,,
E27R,0.8737616666666669,,
K52Y,0.8736533333333337,,
K52W,0.8736116666666669,,
R23G,0.8733000000000004,,
E15F,0.8729600000000002,,
S37W,0.8728358333333336,,
V68Q,0.872731666666667,,
G38E,0.8723575000000002,,
N19V,0.8722375000000003,,
F22A,0.8720050000000005,,
G50W,0.8716008333333336,,
R23Y,0.8715341666666667,,
V68Y,0.8714750000000003,,
D61M,0.8712966666666669,,
F22C,0.8710725,,
T58Y,0.8706283333333331,,
R70Y,0.8704066666666671,,
V32Y,0.8700091666666672,,
L17G,0.8699483333333338,,
P18V,0.8698583333333342,,
R46P,0.869691666666667,,
P18C,0.8695950000000008,,
G65I,0.8693908333333339,,
T58L,0.8690716666666666,,
G38R,0.8689633333333332,,
L26V,0.868938333333334,,
V13A,0.8688283333333338,,
T58P,0.8686833333333334,,
V13L,0.8684191666666671,,
V32R,0.868335833333334,,
N43V,0.8683108333333336,,
N43P,0.8680599999999999,,
N43I,0.8678508333333335,,
G29K,0.867840833333334,G29P,
N19R,0.8678100000000002,,
D51A,0.8670408333333338,,
R41W,0.8668400000000003,R41M,
I36W,0.8666375000000005,I36R,
G65L,0.866496666666667,,
K52P,0.8663300000000005,,
R70S,0.8645441666666669,,
V32H,0.8644925000000008,,
T20P,0.8642083333333335,,
G38I,0.8641941666666669,,
A34F,0.864166666666667,,
R70H,0.8640850000000004,,
T58W,0.8639574999999999,,
G29D,0.8638175000000007,G29P,
G38Y,0.8637916666666667,,
F22H,0.8637691666666669,,
I47P,0.8637566666666672,,
K39W,0.8637441666666668,,
F69P,0.8635708333333332,,
V24E,0.8635341666666667,,
D51C,0.863164166666667,,
T12A,0.8630791666666673,T12R T12K,
V53S,0.8629525000000003,,
R23F,0.8629458333333337,,
E27W,0.8628450000000002,,
T12D,0.8618916666666675,T12R T12K,
T58F,0.8618083333333334,,
M9D,0.8617666666666669,,
N28H,0.8617575000000006,N28W,
A34L,0.8616175000000006,,
N19W,0.8612950000000004,,
R66H,0.8610066666666667,,
G38V,0.8608166666666668,,
V68H,0.8607875000000007,,
I47K,0.8607866666666673,,
V31P,0.8607783333333339,V31L,
G65N,0.8606400000000005,,
D51T,0.8602600000000002,,
I47H,0.8601958333333338,,
I45P,0.8601641666666667,,
G50N,0.860019166666667,,
G38F,0.8597416666666671,,
V55Y,0.8594191666666673,,
G11V,0.8593825000000007,,
R70G,0.8593008333333337,,
R70N,0.8592716666666671,,
G50S,0.8591450000000003,,
K64W,0.8588949999999999,,
V53F,0.8588833333333338,,
G50K,0.8587491666666673,,
D61K,0.8587091666666669,,
D51S,0.8586225000000003,,
M9G,0.8585316666666672,,
D61A,0.8583583333333337,,
R70Q,0.8583266666666671,,
G65S,0.8582950000000001,,
G38W,0.8579208333333335,,
D61L,0.8578741666666668,,
R72W,0.8578541666666666,,
G65Q,0.8576391666666672,,
D61P,0.8576091666666668,,
I67D,0.8575216666666665,,
G50H,0.857435833333334,,
S37Y,0.8571858333333338,,
G11I,0.857015833333334,,
V68E,0.8568133333333339,,
G29E,0.8567725000000007,G29P,
R66C,0.8567300000000004,,
D61I,0.8567216666666672,,
D61Y,0.8565966666666669,,
F22D,0.8564291666666667,,
N19P,0.8561866666666669,,
D51V,0.8557225000000005,,
S37F,0.8554016666666668,,
G65T,0.8553425000000004,,
T33P,0.8550266666666673,,
E8G,0.8548108333333334,E8A,
Y60C,0.8546500000000005,Y60Q,
L57R,0.8536908333333335,,
G11F,0.8536100000000006,,
G65K,0.8535358333333337,,
R41C,0.8535300000000003,R41M,
G11E,0.8534633333333338,,
L57H,0.8533016666666668,,
I47S,0.852549166666667,,
V68F,0.8524575000000005,,
V32Q,0.8521541666666674,,
V24R,0.8521125000000002,,
R70C,0.852081666666667,,
N28Q,0.8520783333333338,N28W,
D61F,0.8516741666666671,,
G29R,0.8514916666666673,G29P,
L48P,0.8512208333333333,,
L57Q,0.8508016666666669,,
R66W,0.850596666666667,,
F22K,0.8503991666666667,,
V24D,0.8502958333333336,,
N19I,0.8499833333333336,,
R66D,0.8499558333333336,,
K64P,0.8498683333333336,,
G65H,0.849754166666667,,
F22T,0.8491675000000002,,
G11N,0.8491550000000007,,
H30P,0.849095833333334,H30G,
V13F,0.8489325000000001,,
M9P,0.8484383333333337,,
V24K,0.8482300000000003,,
F22E,0.8481616666666667,,
E15I,0.8479608333333338,,
L57N,0.8477633333333333,,
R23W,0.8476666666666671,,
G65P,0.8476158333333342,,
G11D,0.8475500000000004,,
F22R,0.8473324999999999,,
V31G,0.8473116666666674,V31L,
V68W,0.846751666666667,,
V13S,0.8467283333333334,,
D51M,0.8464800000000002,,
P18I,0.8460458333333339,,
A34W,0.8457808333333335,,
R70E,0.8455258333333338,,
L26A,0.845407500000001,,
I67M,0.8453791666666671,,
G50A,0.8452058333333341,,
P18Y,0.8452050000000004,,
N28A,0.844933333333334,N28W,
D61R,0.8445708333333337,,
I67C,0.8445166666666672,,
D61V,0.8444900000000003,,
G11R,0.8444808333333336,,
V53A,0.8444791666666671,,
V24H,0.8444208333333336,,
P18L,0.8443866666666673,,
G29Q,0.8441858333333342,G29P,
L26W,0.8441391666666673,,
G11K,0.8437900000000005,,
R70D,0.8437841666666668,,
G50Q,0.8431400000000007,,
G11Y,0.8429800000000003,,
R70P,0.8425850000000007,,
G50E,0.8421800000000007,,
R70W,0.8421791666666664,,
N28E,0.8421325000000007,N28W,
I47E,0.8419075,,
G50R,0.8416366666666675,,
G29S,0.841560833333334,G29P,
G29H,0.8413000000000007,G29P,
G11Q,0.8410641666666673,,
E8A,0.8409133333333335,E8A,0.7732500000000001
G11H,0.8408891666666674,,
F22P,0.8396783333333334,,
V55W,0.8394025000000004,,
A34Y,0.8390716666666667,,
V13Y,0.8388158333333332,,
N28R,0.8386766666666672,N28W,
D51H,0.8384741666666669,,
N28F,0.8382475000000007,N28W,
L57E,0.8380650000000004,,
I67S,0.8372958333333334,,
I47R,0.8372900000000001,,
V24N,0.8372416666666669,,
I47Q,0.8371716666666671,,
V55T,0.8370108333333338,,
T12G,0.8369533333333337,T12R T12K,
I67W,0.8369266666666665,,
L57D,0.8368974999999997,,
F22Q,0.836471666666667,,
P18M,0.8363458333333338,,
V68G,0.8362966666666672,,
L57K,0.8361966666666665,,
N28K,0.8358275000000006,N28W,
I67K,0.8358208333333335,,
I47N,0.8354758333333336,,
R66G,0.8349966666666669,,
V53M,0.8347700000000008,,
D51Y,0.8343975000000001,,
F22S,0.8343483333333332,,
V24F,0.8343416666666669,,
F22G,0.8343408333333336,,
G11S,0.8342850000000004,,
V24Q,0.8340858333333333,,
I67R,0.8338033333333335,,
G29C,0.833670833333334,G29P,
A34K,0.8335024999999999,,
G65W,0.8334725000000001,,
V32E,0.8333991666666671,,
D51P,0.8332025000000003,,
G65V,0.8330300000000002,,
L26K,0.8330200000000003,,
I67Q,0.8329641666666666,,
M21P,0.8329200000000001,,
V24Y,0.832795,,
I47G,0.832701666666667,,
I67E,0.8325100000000001,,
R23P,0.8320725000000004,,
G29W,0.8319625,G29P,
N28Y,0.8318775000000004,N28W,
V24A,0.8317533333333342,,
G29A,0.8317200000000008,G29P,
G11M,0.8313741666666672,,
L57P,0.8312141666666668,,
V53W,0.8311091666666667,,
V32N,0.8310308333333337,,
I67G,0.8308891666666668,,
G50M,0.8308883333333336,,
G65D,0.8308041666666667,,
L57G,0.8306358333333337,,
L26E,0.8300883333333338,,
V32G,0.8300716666666669,,
L26H,0.8300216666666674,,
V55A,0.829984166666667,,
L26R,0.8299025000000004,,
P18F,0.8295808333333338,,
L26G,0.8293800000000008,,
V32S,0.8292391666666669,,
I47D,0.8290900000000002,,
L26Q,0.8290250000000008,,
V24T,0.828974166666667,,
G65E,0.8288683333333335,,
F22N,0.828765,,
G50C,0.828705833333334,,
G65R,0.8284825000000002,,
P18W,0.8284008333333339,,
V68D,0.8281275000000003,,
A34R,0.8280966666666667,,
D51F,0.8275525,,
D51L,0.8274633333333337,,
V24W,0.8273941666666669,,
D61W,0.8272833333333335,,
D51I,0.8267366666666669,,
N28L,0.8266316666666671,N28W,
N28M,0.8263958333333338,N28W,
D51G,0.8257491666666666,,
I67P,0.8254016666666666,,
I67N,0.8247899999999998,,
D51K,0.8246516666666669,,
V53G,0.8242033333333335,,
T12P,0.8239525000000004,T12R T12K,
V13M,0.8238758333333337,,
V13P,0.8236341666666667,,
I67A,0.8235783333333341,,
V32P,0.8235550000000004,,
V55D,0.8235008333333331,,
G29L,0.8233150000000008,G29P,
G11T,0.8232533333333337,,
I67H,0.8231058333333331,,
G50T,0.823081666666667,,
V32W,0.8229141666666667,,
A34N,0.8228791666666669,,
G29F,0.8227400000000007,G29P,
A34P,0.8223825000000001,,
L26Y,0.8223483333333338,,
G29M,0.8221300000000008,G29P,
L57S,0.8219883333333334,,
V13W,0.8219433333333335,,
G11L,0.8218025000000005,,
A34H,0.8217416666666666,,
L14P,0.8207566666666668,,
L26D,0.8206908333333337,,
V24M,0.8202408333333335,,
V24S,0.8198333333333333,,
G29T,0.819538333333334,G29P,
V13H,0.8189183333333334,,
E25P,0.8187108333333336,,
L26P,0.818591666666667,,
L17P,0.8184608333333335,,
V55E,0.8174875,,
G50Y,0.8172750000000001,,
V13N,0.8172091666666665,,
V13E,0.8171116666666669,,
V13D,0.8169099999999999,,
G50P,0.8167558333333338,,
E56P,0.8161250000000002,,
G29Y,0.8159383333333341,G29P,
V24P,0.8159241666666668,,
L26N,0.8158825000000002,,
L26S,0.8158258333333337,,
G50F,0.8155675000000001,,
V13R,0.8155183333333332,,
V32D,0.8153833333333335,,
I67Y,0.815105,,
V55R,0.8141016666666667,,
N28P,0.8139458333333341,N28W,
R66P,0.8135608333333336,,
G11P,0.8131691666666673,,
I67F,0.8131333333333335,,
A34E,0.812954166666667,,
G50L,0.8128550000000007,,
A34D,0.812599166666667,,
V55K,0.8125924999999999,,
A34Q,0.8124033333333334,,
V13K,0.8121741666666666,,
D51R,0.8118600000000002,,
I67T,0.8116949999999998,,
V13G,0.8113616666666666,,
V24G,0.8101716666666665,,
V55H,0.8101225000000001,,
N28V,0.810103333333334,N28W,
V55P,0.8098708333333333,,
V55N,0.8097775,,
D51W,0.8096800000000002,,
T54P,0.8091375000000002,T54K,
N28I,0.8091350000000006,N28W,
G29V,0.8087283333333339,G29P,
V13Q,0.8074050000000002,,
E15P,0.8056750000000001,,
V55Q,0.8052191666666667,,
G29I,0.8039575000000007,G29P,
V55G,0.8022858333333336,,
V68P,0.80156,,
G50I,0.8004950000000001,,
V55S,0.800279166666667,,
G29P,0.7945483333333343,G29P,0.706
G50V,0.7897858333333333,,
N28W,0.7743399999999997,N28W,0.736
