"Sales Order","Reference","Manufacturing ID","Product","Purification","Sequence Name","Sequence Notes","Unit Size","Bases","Sequence","Anhydrous Molecular Weight","nmoles/OD","ug/OD","Extinction Coefficient","GC Content","Tm (50mM NaCl) C","Modifications and Services","Final OD","nmoles","Conc","Volume","Buffer","Print Date","Well Position"
"22603348","570725881","78635416","100 nmole DNA Oligo","Standard Desalting","GAH_DBAT.M417L.F1","","0.1","64","CCC AGA TGG GAT AAA GAT TTT GTC ATT CCT ACC TCC ACT GAT AAT GAA AAG TTT CAA ATT CGA G","19675.8","1.5890672175433","31.2662148418878","629300","37.5","66.3105346232874"," Standard Desalting  LabReady (Normalized to 100uM in IDTE pH 8.0) ","N/A","100_M in 503_LIDTE Buffer pH 8.0","100_M","503_L","IDTE Buffer pH 8.0","3/18/2025 4:07:53 PM",""
"22603348","570725882","78635417","100 nmole DNA Oligo","Standard Desalting","GAH_DBAT.G227D.F1","","0.1","61","CGA GTA CCT TTG GCA AAA TAG TTC AAG ATT CCT TAG TCA TCA CGA GTG AAA CCA TTA ACT G","18754.2","1.66472448809722","31.2206226069585","600700","39.344262295082","66.4162924822929"," Standard Desalting  LabReady (Normalized to 100uM in IDTE pH 8.0) ","N/A","100_M in 496_LIDTE Buffer pH 8.0","100_M","496_L","IDTE Buffer pH 8.0","3/18/2025 4:07:54 PM",""
"22603348","570725883","78635418","100 nmole DNA Oligo","Standard Desalting","GAH_DBAT.C129K.F1","","0.1","61","CTC TCC TAG CTT GGA ACA ATT GTT ATT TAA ACT ACC GCC GGA TAC AGA TAT AGA AGA CAT C","18714.2","1.67140230653518","31.2789637305699","598300","39.344262295082","65.7529586674583"," Standard Desalting  LabReady (Normalized to 100uM in IDTE pH 8.0) ","N/A","100_M in 808_LIDTE Buffer pH 8.0","100_M","808_L","IDTE Buffer pH 8.0","3/18/2025 4:07:54 PM",""
"22603348","570725884","78635419","100 nmole DNA Oligo","Standard Desalting","GAH_DBAT.Q66E.F1","","0.1","61","GAC CCT GCA AAG GTG ATC CGT GAG GCT TTG TCC AAA GTA TTA GTC TAC TAT TCC CCA TTT G","18720.2","1.73130193905817","32.4102319944598","577600","45.9016393442623","68.6907465360815"," Standard Desalting  LabReady (Normalized to 100uM in IDTE pH 8.0) ","N/A","100_M in 674_LIDTE Buffer pH 8.0","100_M","674_L","IDTE Buffer pH 8.0","3/18/2025 4:07:54 PM",""
"22603348","570725885","78635420","100 nmole DNA Oligo","Standard Desalting","GAH_DBAT.L294P.F1","","0.1","68","GAT ATG CGT AAA TTA TTT AAT CCC CCC TTA CCA AAA GGA TAT TAT GGT AAC TTC GTG GGA ACA GTT TG","20957.6","1.49009089554463","31.22880196692","671100","36.7647058823529","66.5337305777391"," Standard Desalting  LabReady (Normalized to 100uM in IDTE pH 8.0) ","N/A","100_M in 728_LIDTE Buffer pH 8.0","100_M","728_L","IDTE Buffer pH 8.0","3/18/2025 4:07:54 PM",""
"22603348","570725886","78635421","100 nmole DNA Oligo","Standard Desalting","GAH_DBAT.G227E.F1","","0.1","61","CGA GTA CCT TTG GCA AAA TAG TTC AAG AGT CCT TAG TCA TCA CGA GTG AAA CCA TTA ACT G","18779.2","1.65755014089176","31.1275319078402","603300","40.983606557377","66.8346062091118"," Standard Desalting  LabReady (Normalized to 100uM in IDTE pH 8.0) ","N/A","100_M in 522_LIDTE Buffer pH 8.0","100_M","522_L","IDTE Buffer pH 8.0","3/18/2025 4:07:54 PM",""
"22603348","570725887","78635422","100 nmole DNA Oligo","Standard Desalting","PW_CYP90.Q87P.F1","","0.1","61","GAT ATT TAA AGC GAA TTT ATT CGC AAG TCC TGC TGT AGT ATC CGT AGA TGC TGA ATT GAA C","18831.3","1.66500166500166","31.3540825840826","600600","37.7049180327869","65.8892743571578"," Standard Desalting  LabReady (Normalized to 100uM in IDTE pH 8.0) ","N/A","100_M in 673_LIDTE Buffer pH 8.0","100_M","673_L","IDTE Buffer pH 8.0","3/18/2025 4:07:55 PM",""
"22603348","570725888","78635423","100 nmole DNA Oligo","Standard Desalting","PW_CYP90.Q437E.F1","","0.1","61","GGA TTA AGA AAT TGC GCC GGA TTA GAA TTG GCT AAG CTA GAG ATA GTT GTT TTT CTA CAT C","18911.3","1.65070980521624","31.217084846484","605800","37.7049180327869","65.8572294681421"," Standard Desalting  LabReady (Normalized to 100uM in IDTE pH 8.0) ","N/A","100_M in 744_LIDTE Buffer pH 8.0","100_M","744_L","IDTE Buffer pH 8.0","3/18/2025 4:07:55 PM",""
"22603348","570725889","78635424","100 nmole DNA Oligo","Standard Desalting","PW_CYP90.V444S.F1","","0.1","64","GAT TAC AAT TGG CTA AGC TAG AGA TAT CCG TTT TTC TAC ATC ACC TGG TGT TAA ACT TCG ATT G","19679.8","1.62100826714216","31.9011201167126","616900","37.5","66.0417093165816"," Standard Desalting  LabReady (Normalized to 100uM in IDTE pH 8.0) ","N/A","100_M in 616_LIDTE Buffer pH 8.0","100_M","616_L","IDTE Buffer pH 8.0","3/18/2025 4:07:55 PM",""
"22603348","570725890","78635425","100 nmole DNA Oligo","Standard Desalting","PW_CYP90.A157I.F1","","0.1","61","GGA TGA AGT CAT ACT TTT TGC CTG ATA TCG AAC GTT ATA TTA CCG AAA CTT TGG CTT CAT G","18773.2","1.70241743275451","31.9598433775962","587400","37.7049180327869","66.0144804428581"," Standard Desalting  LabReady (Normalized to 100uM in IDTE pH 8.0) ","N/A","100_M in 625_LIDTE Buffer pH 8.0","100_M","625_L","IDTE Buffer pH 8.0","3/18/2025 4:07:55 PM",""
"22603348","570725891","78647136","100 nmole DNA Oligo","Standard Desalting","PW_GABAT.W214F.F1","","0.1","61","GTT TTG CAC TCA GAT TGT CCA CAC TAC TTT AGG TAC CAT TTA CCT GGG GAA AGT GAA GAA G","18817.2","1.68350168350168","31.6788501683502","594000","42.6229508196721","67.5684316139618"," Standard Desalting  LabReady (Normalized to 100uM in IDTE pH 8.0) ","N/A","100_M in 386_LIDTE Buffer pH 8.0","100_M","386_L","IDTE Buffer pH 8.0","3/18/2025 4:07:55 PM",""
"22603348","570725892","78635426","100 nmole DNA Oligo","Standard Desalting","PW_GABAT.S228T.F1","","0.1","66","CTG GGG AAA GTG AAG AAG AAT TCT CTA CTA GGT TAG CTG ATA ATC TTG AGA AAC TAA TTT TGA AAG","20526.4","1.48898153662895","30.5634187016081","671600","34.8484848484849","65.1651766749527"," Standard Desalting  LabReady (Normalized to 100uM in IDTE pH 8.0) ","N/A","100_M in 616_LIDTE Buffer pH 8.0","100_M","616_L","IDTE Buffer pH 8.0","3/18/2025 4:07:56 PM",""
"22603348","570725893","78647137","100 nmole DNA Oligo","Standard Desalting","PW_GABAT.W214Y.F1","","0.1","61","GTT TTG CAC TCA GAT TGT CCA CAC TAC TAC AGG TAC CAT TTA CCT GGG GAA AGT GAA GAA G","18811.2","1.6739203213927","31.4885135587546","597400","44.2622950819672","68.0177682144408"," Standard Desalting  LabReady (Normalized to 100uM in IDTE pH 8.0) ","N/A","100_M in 377_LIDTE Buffer pH 8.0","100_M","377_L","IDTE Buffer pH 8.0","3/18/2025 4:07:56 PM",""
"22603348","570725894","78635427","100 nmole DNA Oligo","Standard Desalting","PW_GABAT.R157W.F1","","0.1","68","CGA ATG ATA CGC AGG TGA AAT TAG TAT GGT ACT ACT TCA ATG CAC TTG GCA AAC CGA ATA AAA AAA AG","21060.8","1.43760782058654","30.2771190339275","695600","36.7647058823529","67.0041363433644"," Standard Desalting  LabReady (Normalized to 100uM in IDTE pH 8.0) ","N/A","100_M in 380_LIDTE Buffer pH 8.0","100_M","380_L","IDTE Buffer pH 8.0","3/18/2025 4:07:56 PM",""
"22603348","570725895","78635428","100 nmole DNA Oligo","Standard Desalting","SK_Art.W97V.F1","","0.1","65","GGA TTA TTT AAA AAA GGA AAA ACA AAG TAG AGT TCA AGT GTA TGA GGG AGA TAT TAT TCA GAC CG","20288.3","1.44885540423066","29.3947725297015","690200","32.3076923076923","64.4670344901292"," Standard Desalting  LabReady (Normalized to 100uM in IDTE pH 8.0) ","N/A","100_M in 469_LIDTE Buffer pH 8.0","100_M","469_L","IDTE Buffer pH 8.0","3/18/2025 4:07:56 PM",""
"22603348","570725896","78635429","100 nmole DNA Oligo","Standard Desalting","SK_Art.Y100I.F1","","0.1","70","GAT TAT TTA AAA AAG GAA AAA CAA AGT AGA TGG CAA GTG ATT GAG GGA GAT ATT ATT CAG ACC GGC ATG G","21878.3","1.35740464232388","29.6976910547034","736700","35.7142857142857","66.7499079432606"," Standard Desalting  LabReady (Normalized to 100uM in IDTE pH 8.0) ","N/A","100_M in 547_LIDTE Buffer pH 8.0","100_M","547_L","IDTE Buffer pH 8.0","3/18/2025 4:07:56 PM",""
"22603348","570725897","78635430","100 nmole DNA Oligo","Standard Desalting","SK_Art.Q192G.F1","","0.1","62","GAA AAT TGG GCG TGA GTT GCC GGG TAT TTT AAA AGA TGG GGG ATT TAC TAA TGT CCA ATT TG","19336.6","1.62100826714216","31.3447317231318","616900","40.3225806451613","67.7984944461248"," Standard Desalting  LabReady (Normalized to 100uM in IDTE pH 8.0) ","N/A","100_M in 507_LIDTE Buffer pH 8.0","100_M","507_L","IDTE Buffer pH 8.0","3/18/2025 4:07:57 PM",""
"22603348","570725898","78635431","100 nmole DNA Oligo","Standard Desalting","SK_Art.S164E.F1","","0.1","62","GCA TAT TAT GAC CTA CCC GCA TGT TGA GGG ATT AAG AGA GTT ATA TGA TGC CTA CTG TCA AG","19170.5","1.62575191025849","31.1664282230532","615100","41.9354838709677","66.8773483629119"," Standard Desalting  LabReady (Normalized to 100uM in IDTE pH 8.0) ","N/A","100_M in 626_LIDTE Buffer pH 8.0","100_M","626_L","IDTE Buffer pH 8.0","3/18/2025 4:07:57 PM",""
"22603348","570725899","78635432","100 nmole DNA Oligo","Standard Desalting","SK_Art.W97A.F1","","0.1","65","GGA TTA TTT AAA AAA GGA AAA ACA AAG TAG AGC TCA AGT GTA TGA GGG AGA TAT TAT TCA GAC CG","20273.3","1.45454545454545","29.4883781818182","687500","33.8461538461538","64.9674227090685"," Standard Desalting  LabReady (Normalized to 100uM in IDTE pH 8.0) ","N/A","100_M in 537_LIDTE Buffer pH 8.0","100_M","537_L","IDTE Buffer pH 8.0","3/18/2025 4:07:57 PM",""
"22603348","570725900","78635433","100 nmole DNA Oligo","Standard Desalting","SK_Art.H162D.F1","","0.1","62","GAG ATG CAT ATT ATG ACC TAC CCG GAT GTT TCA GGA TTA AGA GAG TTA TAT GAT GCC TAC TG","19185.5","1.61917098445596","31.0645757772021","617600","40.3225806451613","66.0669965434399"," Standard Desalting  LabReady (Normalized to 100uM in IDTE pH 8.0) ","N/A","100_M in 604_LIDTE Buffer pH 8.0","100_M","604_L","IDTE Buffer pH 8.0","3/18/2025 4:07:57 PM",""
"22603348","570725901","78635434","100 nmole DNA Oligo","Standard Desalting","SK_Art.Y100L.F1","","0.1","70","GAT TAT TTA AAA AAG GAA AAA CAA AGT AGA TGG CAA GTG TTG GAG GGA GAT ATT ATT CAG ACC GGC ATG G","21894.3","1.36202669572324","29.8206047398529","734200","37.1428571428571","67.2472460776652"," Standard Desalting  LabReady (Normalized to 100uM in IDTE pH 8.0) ","N/A","100_M in 542_LIDTE Buffer pH 8.0","100_M","542_L","IDTE Buffer pH 8.0","3/18/2025 4:07:57 PM",""
"22603348","570725902","78635435","100 nmole DNA Oligo","Standard Desalting","SK_Art.Y100K.F1","","0.1","70","GAT TAT TTA AAA AAG GAA AAA CAA AGT AGA TGG CAA GTG AAA GAG GGA GAT ATT ATT CAG ACC GGC ATG G","21896.3","1.34318334452653","29.4107656145064","744500","35.7142857142857","66.7290126737057"," Standard Desalting  LabReady (Normalized to 100uM in IDTE pH 8.0) ","N/A","100_M in 455_LIDTE Buffer pH 8.0","100_M","455_L","IDTE Buffer pH 8.0","3/18/2025 4:07:58 PM",""
