"seq_id","success","error_msg","template_used","teselagen_seq_id"
"S23T_Q66D_S189I_L420E","true","","pESC-URA-pGAL10 DBAT S23T_S189L_L420E.gb","GAH_DBAT_R3_0001"
"S23T_Q66E_S189I_L420E","true","","pESC-URA-pGAL10 DBAT S23T_S189L_L420E.gb","GAH_DBAT_R3_0002"
"S23T_S189I_Q208D_L420E","true","","pESC-URA-pGAL10 DBAT S23T_S189L_L420E.gb","GAH_DBAT_R3_0003"
"S23T_S189I_Q208P_L420E","true","","pESC-URA-pGAL10 DBAT S23T_S189L_L420E.gb","GAH_DBAT_R3_0004"
"S23T_S189I_Y209D_L420E","true","","pESC-URA-pGAL10 DBAT S23T_S189L_L420E.gb","GAH_DBAT_R3_0005"
"S23T_S189I_Y209N_L420E","true","","pESC-URA-pGAL10 DBAT S23T_S189L_L420E.gb","GAH_DBAT_R3_0006"
"S23T_S189I_Y209P_L420E","true","","pESC-URA-pGAL10 DBAT S23T_S189L_L420E.gb","GAH_DBAT_R3_0007"
"S23T_S189I_Y210D_C238K","true","","pESC-URA-pGAL10 DBAT S23T_S189L_C238K.gb","GAH_DBAT_R3_0008"
"S23T_S189I_Y210D_L420E","true","","pESC-URA-pGAL10 DBAT S23T_S189L_L420E.gb","GAH_DBAT_R3_0009"
"S23T_S189I_Y210E_L420E","true","","pESC-URA-pGAL10 DBAT S23T_S189L_L420E.gb","GAH_DBAT_R3_0010"
"S23T_S189I_Y210N_L420E","true","","pESC-URA-pGAL10 DBAT S23T_S189L_L420E.gb","GAH_DBAT_R3_0011"
"S23T_S189I_Y210P_L420E","true","","pESC-URA-pGAL10 DBAT S23T_S189L_L420E.gb","GAH_DBAT_R3_0012"
"S23T_S189I_Y210S_L420E","true","","pESC-URA-pGAL10 DBAT S23T_S189L_L420E.gb","GAH_DBAT_R3_0013"
"S23T_S189I_H211D_L420E","true","","pESC-URA-pGAL10 DBAT S23T_S189L_L420E.gb","GAH_DBAT_R3_0014"
"S23T_S189I_F212D_L420E","true","","pESC-URA-pGAL10 DBAT S23T_S189L_L420E.gb","GAH_DBAT_R3_0015"
"S23T_S189I_F212S_L420E","true","","pESC-URA-pGAL10 DBAT S23T_S189L_L420E.gb","GAH_DBAT_R3_0016"
"S23T_S189I_R213P_L420E","true","","pESC-URA-pGAL10 DBAT S23T_S189L_L420E.gb","GAH_DBAT_R3_0017"
"S23T_S189I_C238E_L420E","true","","pESC-URA-pGAL10 DBAT S23T_S189L_L420E.gb","GAH_DBAT_R3_0018"
"S23T_S189I_C242E_L420E","true","","pESC-URA-pGAL10 DBAT S23T_S189L_L420E.gb","GAH_DBAT_R3_0019"
"S23T_S189I_R321D_L420E","true","","pESC-URA-pGAL10 DBAT S23T_S189L_L420E.gb","GAH_DBAT_R3_0020"
"S23T_S189I_R321E_L420E","true","","pESC-URA-pGAL10 DBAT S23T_S189L_L420E.gb","GAH_DBAT_R3_0021"
"S23T_S189I_R324D_L420E","true","","pESC-URA-pGAL10 DBAT S23T_S189L_L420E.gb","GAH_DBAT_R3_0022"
"S23T_S189I_R324E_L420E","true","","pESC-URA-pGAL10 DBAT S23T_S189L_L420E.gb","GAH_DBAT_R3_0023"
"S23T_S189I_H336E_L420E","true","","pESC-URA-pGAL10 DBAT S23T_S189L_L420E.gb","GAH_DBAT_R3_0024"
