OLD BADPlate Name,Plate Name,OLD BAD Well Position,index,col offset,Column,row,Well Position,Sequence Name,Sequence,ug,Final Volume uL,Plate Barcode,Tube Barcode,Molarity nM,ext-plate-,ext-tube-,ext-sequence-,ext-aliquot-,ext-sample-,ext-plate-,ext-tube-,ext-sequence-,ext-aliquot-,ext-sample-
r3_oligo_p1,r3_oligos_combined,A01,1,0,01,A,A01,Oligo_AP_OplR_DNL_R3_0001,GCC CAT TCG ACC ACC AAG CGA AAC ATC GCA TCG AGC GAG CAC G,,100,,,100000,,,,,,,,,,
r3_oligo_p1,r3_oligos_combined,A02,2,0,03,A,A03,Oligo_AP_OplR_DNL_R3_0003,CAG TGA CAC CTA TTT CCC ATT GAG CCT TGA ACG CGC TGC CGG ACA GCC GTT CGA TGG C,,100,,,100000,,,,,,,,,,
r3_oligo_p1,r3_oligos_combined,A03,3,0,05,A,A05,Oligo_AP_OplR_DNL_R3_0006,CGG CCA GGA CCA TGA AGC GTT CTA CAA GGT GAC CGT GCC GCA TGG CAG CG,,100,,,100000,,,,,,,,,,
r3_oligo_p1,r3_oligos_combined,A04,4,0,07,A,A07,Oligo_AP_OplR_DNL_R3_0008,CCT GGT GAC CGT GCC GCA TGG CGG CGA GGT GCA CTT TGA ACA GGA CGG CC,,100,,,100000,,,,,,,,,,
r3_oligo_p1,r3_oligos_combined,A05,5,0,09,A,A09,Oligo_AP_OplR_DNL_R3_0010,GCA CTT TGA ACA GGA CGG CCA CCA GGC CAG TTG CAG CCC GGG CGG TTT C,,100,,,100000,,,,,,,,,,
r3_oligo_p1,r3_oligos_combined,A06,6,0,11,A,A11,Oligo_AP_OplR_DNL_R3_0012,CGC TCA AAG CCA ACC TGC TGG GGC ACG CCC GCG CCA CCC GGC ATT GC,,100,,,100000,,,,,,,,,,
r3_oligo_p1,r3_oligos_combined,A07,7,0,13,A,A13,Oligo_AP_OplR_DNL_R3_0013,CGC TCA AAG CCA ACC TGC TGG GGC ACG AGC GCG CCA CCC GGC ATT GC,,100,,,100000,,,,,,,,,,
r3_oligo_p1,r3_oligos_combined,A08,8,0,15,A,A15,Oligo_AP_OplR_DNL_R3_0015,TTC GAC GCC CGT CAG GGC CTG GGG CGC GCC TTC GTC GAG CAA CTC GAC CTG TGT GCC CG,,100,,,100000,,,,,,,,,,
r3_oligo_p1,r3_oligos_combined,A09,9,0,17,A,A17,Oligo_AP_OplR_DNL_R3_0017,CGC CTG TGG GCT GTC GCT GCG TGG CCT GCA CAA GCT GTT CGC GAT CAC G,,100,,,100000,,,,,,,,,,
r3_oligo_p1,r3_oligos_combined,A10,10,0,19,A,A19,Oligo_AP_OplR_DNL_R3_0019,CGC TGC GTT ATC TGC ACA AGC TGT TCG CGG CCA CGC CCA CCA CCC TTA ATG AGT G,,100,,,100000,,,,,,,,,,
r3_oligo_p1,r3_oligos_combined,A11,11,0,21,A,A21,Oligo_AP_OplR_DNL_R3_0020,CGC TGC GTT ATC TGC ACA AGC TGT TCG CGG GCA CGC CCA CCA CCC TTA ATG AGT G,,100,,,100000,,,,,,,,,,
r3_oligo_p1,r3_oligos_combined,A12,12,0,23,A,A23,Oligo_AP_OplR_DNL_R3_0021,CGC TGC GTT ATC TGC ACA AGC TGT TCG CGC CGA CGC CCA CCA CCC TTA ATG AGT G,,100,,,100000,,,,,,,,,,
r3_oligo_p1,r3_oligos_combined,B01,13,0,01,C,C01,Oligo_AP_OplR_DNL_R3_0022,CGC TGC GTT ATC TGC ACA AGC TGT TCG CGC GCA CGC CCA CCA CCC TTA ATG AGT G,,100,,,100000,,,,,,,,,,
r3_oligo_p1,r3_oligos_combined,B02,14,0,03,C,C03,Oligo_AP_OplR_DNL_R3_0023,CGC CTG TGG GCT GTC GCT GCG TCG CCT GCA CAA GCT GTT CGC GAT CAC G,,100,,,100000,,,,,,,,,,
r3_oligo_p1,r3_oligos_combined,B03,15,0,05,C,C05,Oligo_AP_OplR_DNL_R3_0025,CGC GAT CAC GCC CAC CAC CCT TAA TGA GGC CGT ACG CCT TCA ACG CCT GGA G,,100,,,100000,,,,,,,,,,
r3_oligo_p1,r3_oligos_combined,B04,16,0,07,C,C07,Oligo_AP_OplR_DNL_R3_0026,CGC GAT CAC GCC CAC CAC CCT TAA TGA GGG CGT ACG CCT TCA ACG CCT GGA G,,100,,,100000,,,,,,,,,,
r3_oligo_p1,r3_oligos_combined,B05,17,0,09,C,C09,Oligo_AP_OplR_DNL_R3_0027,CGC GAT CAC GCC CAC CAC CCT TAA TGA GCA GGT ACG CCT TCA ACG CCT GGA G,,100,,,100000,,,,,,,,,,
r3_oligo_p1,r3_oligos_combined,B06,18,0,11,C,C11,Oligo_AP_OplR_DNL_R3_0028,CGC GAT CAC GCC CAC CAC CCT TAA TGA GCG CGT ACG CCT TCA ACG CCT GGA G,,100,,,100000,,,,,,,,,,
r3_oligo_p1,r3_oligos_combined,B07,19,0,13,C,C13,Oligo_AP_OplR_DNL_R3_0030,GGC CAT CGG CGA ACT GGC ATT TCG CAA CGG TTT TGC CGA CCA GGC GCA ATT CAC C,,100,,,100000,,,,,,,,,,
r3_oligo_p1,r3_oligos_combined,B08,20,0,15,C,C15,Oligo_AP_OplR_DNL_R3_0031,GGC CAT CGG CGA ACT GGC ATT TCG CCA GGG TTT TGC CGA CCA GGC GCA ATT CAC C,,100,,,100000,,,,,,,,,,
r3_oligo_p1,r3_oligos_combined,B09,21,0,17,C,C17,Oligo_AP_OplR_DNL_R3_0033,CAC CCG CGC GTT TCG CCA GCA GCG CGG GTG CAC GGC GAG CGA AG,,100,,,100000,,,,,,,,,,
r3_oligo_p1,r3_oligos_combined,B10,22,0,19,C,C19,Oligo_AP_OplR_CH_R3_0001,CGA CCA CCA AGC GAA ACA TCG CAT CGA GCG AGC ACG TAC TCG G,,100,,,100000,,,,,,,,,,
r3_oligo_p1,r3_oligos_combined,B11,23,0,21,C,C21,Oligo_AP_OplR_CH_R3_0003,GGC CAC AGC CAG AGC GCC AGG CCC GCT GGG CCG AAG CCA TCA GTG ACA CC,,100,,,100000,,,,,,,,,,
r3_oligo_p1,r3_oligos_combined,B12,24,0,23,C,C23,Oligo_AP_OplR_CH_R3_0006,CAT TTA CTG CTG GAA CAG GCC CTG GCC ACC CTG CTG CTG GCC,,100,,,100000,,,,,,,,,,
r3_oligo_p1,r3_oligos_combined,C01,25,0,01,E,E01,Oligo_AP_OplR_CH_R3_0008,CAA GCT GCC CGA GCG TGC GCT CGC CGC CAA CCT GCT GGG GCA CAA GCG,,100,,,100000,,,,,,,,,,
r3_oligo_p1,r3_oligos_combined,C02,26,0,03,E,E03,Oligo_AP_OplR_CH_R3_0009,CAA GCT GCC CGA GCG TGC GCT CCT GGC CAA CCT GCT GGG GCA CAA GCG,,100,,,100000,,,,,,,,,,
r3_oligo_p1,r3_oligos_combined,C03,27,0,05,E,E05,Oligo_AP_OplR_R2_0061,CCG AGC GTG CGC TCA AAG CCG CCC TGC TGG GGC ACA AGC GCT ATA CCC G,,100,,,100000,,,,,,,,,,
r3_oligo_p1,r3_oligos_combined,C04,28,0,07,E,E07,Oligo_AP_OplR_CH_R3_0012,CCG AGC GTG CGC TCA AAG CCC ACC TGC TGG GGC ACA AGC GCT ATA CCC G,,100,,,100000,,,,,,,,,,
r3_oligo_p1,r3_oligos_combined,C05,29,0,09,E,E09,Oligo_AP_OplR_CH_R3_0013,CCG AGC GTG CGC TCA AAG CCC TGC TGC TGG GGC ACA AGC GCT ATA CCC G,,100,,,100000,,,,,,,,,,
r3_oligo_p1,r3_oligos_combined,C06,30,0,11,E,E11,Oligo_AP_OplR_CH_R3_0014,CCG AGC GTG CGC TCA AAG CCC AGC TGC TGG GGC ACA AGC GCT ATA CCC G,,100,,,100000,,,,,,,,,,
r3_oligo_p1,r3_oligos_combined,C07,31,0,13,E,E13,Oligo_AP_OplR_CH_R3_0016,CTG GGG CGC ATC TTC GTC GAG CTG CTC GAC CTG TGT GCC CGC C,,100,,,100000,,,,,,,,,,
r3_oligo_p1,r3_oligos_combined,C08,32,0,15,E,E15,Oligo_AP_OplR_CH_R3_0018,CTT CGT CGA GCA ACT CGA CCT GCT GGC CCG CCA TTT CGA CAC CAG CCC C,,100,,,100000,,,,,,,,,,
r3_oligo_p1,r3_oligos_combined,C09,33,0,17,E,E17,Oligo_AP_OplR_CH_R3_0019,CAT TTA CTG CTG GAA CAG GCC GTG GCC ACC CTG CTG CTG GCC,,100,,,100000,,,,,,,,,,
r3_oligo_p1,r3_oligos_combined,C10,34,0,19,E,E19,Oligo_AP_OplR_CH_R3_0021,GTG CTG GGC AGC GAA GGC AGC GCC CTC AGC ACC CTG CAC CTG ACG CGG G,,100,,,100000,,,,,,,,,,
r3_oligo_p1,r3_oligos_combined,C11,35,0,21,E,E21,Oligo_AP_OplR_CH_R3_0023,CGT TAT CTG CAC AAG CTG TTC GCG GCC ACG CCC ACC ACC CTT AAT GAG TG,,100,,,100000,,,,,,,,,,
r3_oligo_p1,r3_oligos_combined,C12,36,0,23,E,E23,Oligo_AP_OplR_CH_R3_0024,CGT TAT CTG CAC AAG CTG TTC GCG GAC ACG CCC ACC ACC CTT AAT GAG TG,,100,,,100000,,,,,,,,,,
r3_oligo_p1,r3_oligos_combined,D01,37,0,01,G,G01,Oligo_AP_OplR_CH_R3_0025,CGT TAT CTG CAC AAG CTG TTC GCG CAC ACG CCC ACC ACC CTT AAT GAG TG,,100,,,100000,,,,,,,,,,
r3_oligo_p1,r3_oligos_combined,D02,38,0,03,G,G03,Oligo_AP_OplR_CH_R3_0026,CGT TAT CTG CAC AAG CTG TTC GCG CTG ACG CCC ACC ACC CTT AAT GAG TG,,100,,,100000,,,,,,,,,,
r3_oligo_p1,r3_oligos_combined,D03,39,0,05,G,G05,Oligo_AP_OplR_CH_R3_0027,CGT TAT CTG CAC AAG CTG TTC GCG CAG ACG CCC ACC ACC CTT AAT GAG TG,,100,,,100000,,,,,,,,,,
r3_oligo_p1,r3_oligos_combined,D04,40,0,07,G,G07,Oligo_AP_OplR_CH_R3_0028,CGT TAT CTG CAC AAG CTG TTC GCG CGC ACG CCC ACC ACC CTT AAT GAG TG,,100,,,100000,,,,,,,,,,
r3_oligo_p1,r3_oligos_combined,D05,41,0,09,G,G09,Oligo_AP_OplR_CH_R3_0029,CGT TAT CTG CAC AAG CTG TTC GCG AGC ACG CCC ACC ACC CTT AAT GAG TG,,100,,,100000,,,,,,,,,,
r3_oligo_p1,r3_oligos_combined,D06,42,0,11,G,G11,Oligo_AP_OplR_CH_R3_0030,CGT TAT CTG CAC AAG CTG TTC GCG ACC ACG CCC ACC ACC CTT AAT GAG TG,,100,,,100000,,,,,,,,,,
r3_oligo_p1,r3_oligos_combined,D07,43,0,13,G,G13,Oligo_AP_OplR_R2_0005,GCC CAT TCG ACC ACC AAG CGA AAC ATC GCA TCG AGC GAG CAC GTA CTC GG,,100,,,100000,,,,,,,,,,
r3_oligo_p1,r3_oligos_combined,D08,44,0,15,G,G15,Oligo_AP_OplR_EVL_R3_0003,CAG AAC TCT CGA CCC ACG GCG TGC CAC AGC CAG AGC GCC AGG,,100,,,100000,,,,,,,,,,
r3_oligo_p1,r3_oligos_combined,D09,45,0,17,G,G17,Oligo_AP_OplR_EVL_R3_0006,CGA CCC ACG GCT GGC CAC AGC GCG AGC GCC AGG TAC GCT GGG CCG,,100,,,100000,,,,,,,,,,
r3_oligo_p1,r3_oligos_combined,D10,46,0,19,G,G19,Oligo_AP_OplR_EVL_R3_0008,GCT GGC CAC AGC CAG AGC GCC GCG TAC GCT GGG CCG AAG CCA,,100,,,100000,,,,,,,,,,
r3_oligo_p1,r3_oligos_combined,D11,47,0,21,G,G21,Oligo_AP_OplR_EVL_R3_0010,CAG AGC GCC AGG TAC GCT GGC GCG AAG CCA TCA GTG ACA CCT ATT TCC C,,100,,,100000,,,,,,,,,,
r3_oligo_p1,r3_oligos_combined,D12,48,0,23,G,G23,Oligo_AP_OplR_EVL_R3_0012,GCC TGC GGT CCA GCC AGC TGA CCT ACT CAC GCA GCA AAG CGC ACA TCG GCC,,100,,,100000,,,,,,,,,,
r3_oligo_p1,r3_oligos_combined,E01,49,0,01,I,I01,Oligo_AP_OplR_R2_0027,GCA GCA AAG CGC ACA TCG GCC GCG ACC ATG AAG CGT TCT ACC TGG TGA CCG,,100,,,100000,,,,,,,,,,
r3_oligo_p1,r3_oligos_combined,E02,50,0,03,I,I03,Oligo_AP_OplR_EVL_R3_0016,ACC TCA GCA CCC TGC ACC TGC GCC GGG TCG AGC AGT ACG TGC AGC AAA ACC TG,,100,,,100000,,,,,,,,,,
r3_oligo_p1,r3_oligos_combined,E03,51,0,05,I,I05,Oligo_AP_OplR_EVL_R3_0018,CCC TGC ACC TGA CGC GGG TCA AGC AGT ACG TGC AGC AAA ACC TGG G,,100,,,100000,,,,,,,,,,
r3_oligo_p1,r3_oligos_combined,E04,52,0,07,I,I07,Oligo_AP_OplR_R2_0079,CCC TGC ACC TGA CGC GGG TCC GCC AGT ACG TGC AGC AAA ACC TGG G,,100,,,100000,,,,,,,,,,
r3_oligo_p1,r3_oligos_combined,E05,53,0,09,I,I09,Oligo_AP_OplR_EVL_R3_0021,CAA GCT GTT CGC GAT CAC GCC CAA GAC CCT TAA TGA GTG GGT ACG CCT TCA ACG CCT GG,,100,,,100000,,,,,,,,,,
r3_oligo_p1,r3_oligos_combined,E06,54,0,11,I,I11,Oligo_AP_OplR_EVL_R3_0023,CAC CCT TAA TGA GTG GGT ACG CCG CCA ACG CCT GGA GGC CGT GCA CCG,,100,,,100000,,,,,,,,,,
r3_oligo_p1,r3_oligos_combined,E07,55,0,13,I,I13,Oligo_AP_OplR_EVL_R3_0025,GGG GTT TTG CCG ACC AGG CGC ACT TCA CCC GCG CGT TTC GCC AGC,,100,,,100000,,,,,,,,,,
r3_oligo_p1,r3_oligos_combined,E08,56,0,15,I,I15,Oligo_AP_OplR_EVL_R3_0027,CAA TTC ACC CGC GCG TTT CGC CGC CAG TAT GGG TGC ACG GCG AGC G,,100,,,100000,,,,,,,,,,
r3_oligo_p1,r3_oligos_combined,E09,57,0,17,I,I17,Oligo_AP_OplR_EVL_R3_0029,CGT TAT CTG CAC AAG CTG TTC GCG GCC ACG CCC TAC ACC CTT AAT GAG TGG G,,100,,,100000,,,,,,,,,,
r3_oligo_p1,r3_oligos_combined,E10,58,0,19,I,I19,Oligo_AP_OplR_EVL_R3_0030,CAA GCT GTT CGC GAT CAC GCC CCG CAC CCT TAA TGA GTG GGT ACG CCT TCA ACG CCT GG,,100,,,100000,,,,,,,,,,
r3_oligo_p1,r3_oligos_combined,E11,59,0,21,I,I21,Oligo_LK_BorAT_R3_0001,GCA GGT AGC CGG ATC AAG CGT ATG CAG CCG CCG C,,100,,,100000,,,,,,,,,,
r3_oligo_p1,r3_oligos_combined,E12,60,0,23,I,I23,Oligo_LK_BorAT_R3_0003,GCG CCG CGA CTT TCT CGC GGT GGG CGT CAA GTA CCG CCC CAG ATC TCA,,100,,,100000,,,,,,,,,,
r3_oligo_p1,r3_oligos_combined,F01,61,0,01,K,K01,Oligo_LK_BorAT_R3_0006,GAG ACG ACG CGC CTG CCG GCA TCG AGG GCG AAG TGT GGG TCA GCG GCC,,100,,,100000,,,,,,,,,,
r3_oligo_p1,r3_oligos_combined,F02,62,0,03,K,K03,Oligo_LK_BorAT_R3_0007,GAG ACG ACG CGC CTG CCG GCG TGG AGG GCG AAG TGT GGG TCA GCG GCC,,100,,,100000,,,,,,,,,,
r3_oligo_p1,r3_oligos_combined,F03,63,0,05,K,K05,Oligo_LK_BorAT_R3_0009,GCA ACT GGC CAT CAG CGA CGG ACA CTT GCT GGT GCC CCG CTT GCT,,100,,,100000,,,,,,,,,,
r3_oligo_p1,r3_oligos_combined,F04,64,0,07,K,K07,Oligo_LK_BorAT_R3_0010,GCA ACT GGC CAT CAG CGA CGG ACA GTT GCT GGT GCC CCG CTT GCT,,100,,,100000,,,,,,,,,,
r3_oligo_p1,r3_oligos_combined,F05,65,0,09,K,K09,Oligo_LK_BorAT_R3_0011,GCA ACT GGC CAT CAG CGA CGG AAC CTT GCT GGT GCC CCG CTT GCT,,100,,,100000,,,,,,,,,,
r3_oligo_p1,r3_oligos_combined,F06,66,0,11,K,K11,Oligo_LK_BorAT_R3_0012,GCA ACT GGC CAT CAG CGA CGG AGT GTT GCT GGT GCC CCG CTT GCT,,100,,,100000,,,,,,,,,,
r3_oligo_p1,r3_oligos_combined,F07,67,0,13,K,K13,Oligo_LK_BorAT_R3_0014,GCA GAC CTG TCG GCC GCC TTT GAC GCC CTG CTG GCC GGC GGT GCT CC,,100,,,100000,,,,,,,,,,
r3_oligo_p1,r3_oligos_combined,F08,68,0,15,K,K15,Oligo_LK_BorAT_R3_0016,GGG GCT GAA GTT CCG AGA TTG ACC CGC GTG GCC GAA GTG CCA GCG GAA GCT CC,,100,,,100000,,,,,,,,,,
r3_oligo_p1,r3_oligos_combined,F09,69,0,17,K,K17,Oligo_LK_BorAT_R3_0018,CGC AGC AGC GCG TGA TTC GCG CCG CCC TGG CCG ATG CGG GT,,100,,,100000,,,,,,,,,,
r3_oligo_p1,r3_oligos_combined,F10,70,0,19,K,K19,Oligo_LK_BorAT_R3_0020,CTC ACC GCC CTG GGC GCC TAC CTG CGC CTT ACC GGT CAG TGG CGT CCC C,,100,,,100000,,,,,,,,,,
r3_oligo_p1,r3_oligos_combined,F11,71,0,21,K,K21,Oligo_LK_BorAT_R3_0021,GCA GAC CTG TCG GCC GCC TTT GAC ACC CTG CTG GCC GGC GGT GCT CC,,100,,,100000,,,,,,,,,,
r3_oligo_p1,r3_oligos_combined,F12,72,0,23,K,K23,Oligo_LK_BorAT_R3_0022,GCA GAC CTG TCG GCC GCC TTT GAC GTG CTG CTG GCC GGC GGT GCT CC,,100,,,100000,,,,,,,,,,
r3_oligo_p1,r3_oligos_combined,G01,73,0,01,M,M01,Oligo_LK_BorAT_R3_0024,GGG CAC GGA CGT CGG CGT GTA CCT GGG CGT CAT GGG CCA GGG C,,100,,,100000,,,,,,,,,,
r3_oligo_p1,r3_oligos_combined,G02,74,0,03,M,M03,Oligo_LK_BorAT_R3_0025,GGG CAC GGA CGT CGG CGT GTA CGT GGG CGT CAT GGG CCA GGG C,,100,,,100000,,,,,,,,,,
r3_oligo_p1,r3_oligos_combined,G03,75,0,05,M,M05,Oligo_LK_BorAT_R3_0026,CGC AGC AGC GCG TGA TTC GCG GCG CCC TGG CCG ATG CGG GT,,100,,,100000,,,,,,,,,,
r3_oligo_p1,r3_oligos_combined,G04,76,0,07,M,M07,Oligo_LK_BorAT_R3_0027,CGC AGC AGC GCG TGA TTC GCA GCG CCC TGG CCG ATG CGG GT,,100,,,100000,,,,,,,,,,
r3_oligo_p1,r3_oligos_combined,G05,77,0,09,M,M09,Oligo_LK_BorAT_R3_0029,GCC CAT CTG ATC CTG GAG GAA GTC CCC ATC GAG GGC GAA GAA CCG GAG TCT GAC GCC G,,100,,,100000,,,,,,,,,,
r3_oligo_p1,r3_oligos_combined,G06,78,0,11,M,M11,Oligo_LK_BorAT_R3_0031,CCT GGA GGA AGT CCC CGA AGA GCT GGA AGA ACC GGA GTC TGA CGC CGG TGG T,,100,,,100000,,,,,,,,,,
r3_oligo_p1,r3_oligos_combined,G07,79,0,13,M,M13,Oligo_LK_BorAT_R3_0033,GAA GCT GGC GAG CTG GCC GGT TGG CTG GGT GAG GAT GTG GTG ATT GCA AGC,,100,,,100000,,,,,,,,,,
r3_oligo_p1,r3_oligos_combined,G08,80,0,15,M,M15,Oligo_LK_BorAT_R3_0035,GTC AAG TCG TGA TCG CGG GTC CGG AAG TGG GCG TCG AGC GTG TGG TTG CTG C,,100,,,100000,,,,,,,,,,
r3_oligo_p1,r3_oligos_combined,G09,81,0,17,M,M17,Oligo_LK_BorAT_R3_0037,GCG GAC GCT GAC GCT CTG CTG TGG GTG GTC GAC AGT GGC GCG GCC G,,100,,,100000,,,,,,,,,,
r3_oligo_p1,r3_oligos_combined,G10,82,0,19,M,M19,Oligo_LK_BorAT_R3_0039,CTC TTC GCG ATG GCT ACC GTC AGG CGT GGG TGT CAG GCC GCG TCC GCA GCT,,100,,,100000,,,,,,,,,,
r3_oligo_p1,r3_oligos_combined,G11,83,0,21,M,M21,Oligo_LK_BorAT_R3_0041,GAT GCT GTC ATT AGG ACA CAA GGC GAC CAG CCG TTC GTG GTG GCC GGT CA,,100,,,100000,,,,,,,,,,
r3_oligo_p1,r3_oligos_combined,G12,84,0,23,M,M23,Oligo_GAH_DBAT_R3_0001,CAT GAC AGT AAG AGA ATT ATG CAG TGC TGC CAT AAC CAT GAG TGA TAA CAC TGC GGC C,,100,,,100000,,,,,,,,,,
r3_oligo_p1,r3_oligos_combined,H01,85,0,01,O,O01,Oligo_GAH_DBAT_R3_0003,TAC TAC CAC TTC CGT CTA ATA AGG CCG CC,,100,,,100000,,,,,,,,,,
r3_oligo_p1,r3_oligos_combined,H02,86,0,03,O,O03,Oligo_GAH_DBAT_R3_0003,TAC CAC TTC CGT CTA ATA AGG CCG CCG,,100,,,100000,,,,,,,,,,
r3_oligo_p1,r3_oligos_combined,H03,87,0,05,O,O05,Oligo_GAH_DBAT_R3_0006,ACC ACT TCC GTC TAA TAA GGC CGC CG,,100,,,100000,,,,,,,,,,
r3_oligo_p1,r3_oligos_combined,H04,88,0,07,O,O07,Oligo_GAH_DBAT_R3_0008,GGA CCG AAG GAG CTA ACC GCT TTT TTG CAC AAC ATG GGG GAT C,,100,,,100000,,,,,,,,,,
r3_oligo_p1,r3_oligos_combined,H05,89,0,09,O,O09,Oligo_GAH_DBAT_R3_0003,CAC TTC CGT CTA ATA AGG CCG CCG,,100,,,100000,,,,,,,,,,
r3_oligo_p1,r3_oligos_combined,H06,90,0,11,O,O11,Oligo_GAH_DBAT_R3_0008,TTC CGT CTA ATA AGG CCG CCG,,100,,,100000,,,,,,,,,,
r3_oligo_p1,r3_oligos_combined,H07,91,0,13,O,O13,Oligo_GAH_DBAT_R3_0010,CGT CTA ATA AGG CCG CCG AG,,100,,,100000,,,,,,,,,,
r3_oligo_p1,r3_oligos_combined,H08,92,0,15,O,O15,Oligo_GAH_DBAT_R3_0023,GTC TAA TAA GGC CGC CGA GTA CC,,100,,,100000,,,,,,,,,,
r3_oligo_p1,r3_oligos_combined,H09,93,0,17,O,O17,Oligo_GAH_DBAT_R3_0013,CTA ATA AGG CCG CCG AGT ACC TTT GGC,,100,,,100000,,,,,,,,,,
r3_oligo_p1,r3_oligos_combined,H10,94,0,19,O,O19,Oligo_GAH_DBAT_R3_0003,ATC AAG CAG TGC CTA AGA GAG,,100,,,100000,,,,,,,,,,
r3_oligo_p1,r3_oligos_combined,H11,95,0,21,O,O21,Oligo_GAH_DBAT_R3_0006,CTA AGA GAG GAG AGC AAA GAG TTC TG,,100,,,100000,,,,,,,,,,
r3_oligo_p1,r3_oligos_combined,H12,96,0,23,O,O23,Oligo_GAH_DBAT_R3_0008,GTA GTA AGG ATC ATC AAG AAG AGC AAG G,,100,,,100000,,,,,,,,,,
r3_oligo_p2,r3_oligos_combined,A01,1,1,02,A,A02,Oligo_GAH_DBAT_R3_0030,TAG TAA GGA TCA TCA AGA AGA GCA AGG TG,,100,,,100000,,,,,,,,,,
r3_oligo_p2,r3_oligos_combined,A02,2,1,04,A,A04,Oligo_GAH_DBAT_R3_0011,ATC ATC AAG AAG AGC AAG GTG AG,,100,,,100000,,,,,,,,,,
r3_oligo_p2,r3_oligos_combined,A03,3,1,06,A,A06,Oligo_GAH_DBAT_R3_0013,TCA TCA AGA AGA GCA AGG TGA GTT TGA ACG,,100,,,100000,,,,,,,,,,
r3_oligo_p2,r3_oligos_combined,A04,4,1,08,A,A08,Oligo_GAH_DBAT_R3_0015,TTC ACA TCA ACA ATC GTC ACT CCA TGC,,100,,,100000,,,,,,,,,,
r3_oligo_p2,r3_oligos_combined,A05,5,1,10,A,A10,Oligo_AP_OplR_DNL_R3_0002,TTC AAG GCT CAA TGG GAA ATA GGT GTC ACT GAT GGC,,100,,,100000,,,,,,,,,,
r3_oligo_p2,r3_oligos_combined,A06,6,1,12,A,A12,Oligo_AP_OplR_DNL_R3_0004,CGC TCG ATG CGA TGT TTC GCT TGG TGG TCG AAT GGG CAG GTA GCC GG,,100,,,100000,,,,,,,,,,
r3_oligo_p2,r3_oligos_combined,A07,7,1,14,A,A14,Oligo_AP_OplR_DNL_R3_0005,GTA GAA CGC TTC ATG GTC CTG GCC GAT GTG CG,,100,,,100000,,,,,,,,,,
r3_oligo_p2,r3_oligos_combined,A08,8,1,16,A,A16,Oligo_AP_OplR_DNL_R3_0007,CAT GCG GCA CGG TCA CCA GG,,100,,,100000,,,,,,,,,,
r3_oligo_p2,r3_oligos_combined,A09,9,1,18,A,A18,Oligo_AP_OplR_DNL_R3_0009,TGG TGG CCG TCC TGT TCA AAG TGC ACC TCG,,100,,,100000,,,,,,,,,,
r3_oligo_p2,r3_oligos_combined,A10,10,1,20,A,A20,Oligo_AP_OplR_DNL_R3_0011,CCC CAG CAG GTT GGC TTT GAG CG,,100,,,100000,,,,,,,,,,
r3_oligo_p2,r3_oligos_combined,A11,11,1,22,A,A22,Oligo_AP_OplR_DNL_R3_0014,CCA GGC CCT GAC GGG,,100,,,100000,,,,,,,,,,
r3_oligo_p2,r3_oligos_combined,A12,12,1,24,A,A24,Oligo_AP_OplR_DNL_R3_0016,GCA GCG ACA GCC CAC AGG CG,,100,,,100000,,,,,,,,,,
r3_oligo_p2,r3_oligos_combined,B01,13,1,02,C,C02,Oligo_AP_OplR_R2_0084,CGC GAA CAG CTT GTG CAG ATA ACG CAG CGA C,,100,,,100000,,,,,,,,,,
r3_oligo_p2,r3_oligos_combined,B02,14,1,04,C,C04,Oligo_AP_OplR_DNL_R3_0024,TCA TTA AGG GTG GTG GGC GTG ATC GCG AAC AG,,100,,,100000,,,,,,,,,,
r3_oligo_p2,r3_oligos_combined,B03,15,1,06,C,C06,Oligo_AP_OplR_DNL_R3_0029,GCG AAA TGC CAG TTC GCC GAT GGC CAG G,,100,,,100000,,,,,,,,,,
r3_oligo_p2,r3_oligos_combined,B04,16,1,08,C,C08,Oligo_AP_OplR_DNL_R3_0032,GCT GGC GAA ACG CGC GGG TG,,100,,,100000,,,,,,,,,,
r3_oligo_p2,r3_oligos_combined,B05,17,1,10,C,C10,Oligo_AP_OplR_CH_R3_0002,CTG GCG CTC TGG CTG TGG CCA GC,,100,,,100000,,,,,,,,,,
r3_oligo_p2,r3_oligos_combined,B06,18,1,12,C,C12,Oligo_AP_OplR_CH_R3_0005,GGC CTG TTC CAG CAG TAA ATG CCG GGC TG,,100,,,100000,,,,,,,,,,
r3_oligo_p2,r3_oligos_combined,B07,19,1,14,C,C14,Oligo_AP_OplR_CH_R3_0007,GCG CAC GCT CGG GCA GCT TGA G,,100,,,100000,,,,,,,,,,
r3_oligo_p2,r3_oligos_combined,B08,20,1,16,C,C16,Oligo_AP_OplR_R2_0060,GGC TTT GAG CGC ACG CTC GGG CAG,,100,,,100000,,,,,,,,,,
r3_oligo_p2,r3_oligos_combined,B09,21,1,18,C,C18,Oligo_AP_OplR_CH_R3_0015,TCG ACG AAG ATG CGC CCC AGG CCC,,100,,,100000,,,,,,,,,,
r3_oligo_p2,r3_oligos_combined,B10,22,1,20,C,C20,Oligo_AP_OplR_CH_R3_0017,CAG GTC GAG TTG CTC GAC GAA GAT GCG CCC,,100,,,100000,,,,,,,,,,
r3_oligo_p2,r3_oligos_combined,B11,23,1,22,C,C22,Oligo_AP_OplR_CH_R3_0020,CTG CCT TCG CTG CCC AGC ACG C,,100,,,100000,,,,,,,,,,
r3_oligo_p2,r3_oligos_combined,B12,24,1,24,C,C24,Oligo_AP_OplR_R2_0006,GCC GTG GGT CGA GAG TTC TGT GGG C,,100,,,100000,,,,,,,,,,
r3_oligo_p2,r3_oligos_combined,C01,25,1,02,E,E02,Oligo_AP_OplR_EVL_R3_0004,CGA TGT TTC GCT TGG TGG TCG AAT GGG CAG G,,100,,,100000,,,,,,,,,,
r3_oligo_p2,r3_oligos_combined,C02,26,1,04,E,E04,Oligo_AP_OplR_EVL_R3_0005,CTG TGG CCA GCC GTG GGT CGA GAG TTC TG,,100,,,100000,,,,,,,,,,
r3_oligo_p2,r3_oligos_combined,C03,27,1,06,E,E06,Oligo_AP_OplR_R2_0010,GCG CTC TGG CTG TGG CCA GCC G,,100,,,100000,,,,,,,,,,
r3_oligo_p2,r3_oligos_combined,C04,28,1,08,E,E08,Oligo_AP_OplR_EVL_R3_0009,CCA GCG TAC CTG GCG CTC TGG CTG TG,,100,,,100000,,,,,,,,,,
r3_oligo_p2,r3_oligos_combined,C05,29,1,10,E,E10,Oligo_AP_OplR_EVL_R3_0011,CAG CTG GCT GGA CCG CAG GCG C,,100,,,100000,,,,,,,,,,
r3_oligo_p2,r3_oligos_combined,C06,30,1,12,E,E12,Oligo_AP_OplR_R2_0026,GCC GAT GTG CGC TTT GCT GCG TGA GTA ACC,,100,,,100000,,,,,,,,,,
r3_oligo_p2,r3_oligos_combined,C07,31,1,14,E,E14,Oligo_AP_OplR_EVL_R3_0015,CAG GTG CAG GGT GCT GAG GTT GCT GCC,,100,,,100000,,,,,,,,,,
r3_oligo_p2,r3_oligos_combined,C08,32,1,16,E,E16,Oligo_AP_OplR_R2_0021,GAC CCG CGT CAG GTG CAG GGT GC,,100,,,100000,,,,,,,,,,
r3_oligo_p2,r3_oligos_combined,C09,33,1,18,E,E18,Oligo_AP_OplR_EVL_R3_0020,GCG TGA TCG CGA ACA GCT TGT GCA G,,100,,,100000,,,,,,,,,,
r3_oligo_p2,r3_oligos_combined,C10,34,1,20,E,E20,Oligo_AP_OplR_EVL_R3_0022,GCG TAC CCA CTC ATT AAG GGT GTA GGG CGT GAT CG,,100,,,100000,,,,,,,,,,
r3_oligo_p2,r3_oligos_combined,C11,35,1,22,E,E22,Oligo_AP_OplR_EVL_R3_0024,CGC CTG GTC GGC AAA ACC CCA GCG,,100,,,100000,,,,,,,,,,
r3_oligo_p2,r3_oligos_combined,C12,36,1,24,E,E24,Oligo_AP_OplR_EVL_R3_0026,CGA AAC GCG CGG GTG AAT TGC GC,,100,,,100000,,,,,,,,,,
r3_oligo_p2,r3_oligos_combined,D01,37,1,02,G,G02,Oligo_LK_BorAT_R3_0002,CCG CGA GAA AGT CGC GGC GC,,100,,,100000,,,,,,,,,,
r3_oligo_p2,r3_oligos_combined,D02,38,1,04,G,G04,Oligo_LK_BorAT_R3_0004,GCT GCA TAC GCT TGA TCC GGC TAC CTG CCC ATT CGA CCA CC,,100,,,100000,,,,,,,,,,
r3_oligo_p2,r3_oligos_combined,D03,39,1,06,G,G06,Oligo_LK_BorAT_R3_0005,GCC GGC AGG CGC GTC GTC T,,100,,,100000,,,,,,,,,,
r3_oligo_p2,r3_oligos_combined,D04,40,1,08,G,G08,Oligo_LK_BorAT_R3_0008,TCC GTC GCT GAT GGC CAG TTG CGG C,,100,,,100000,,,,,,,,,,
r3_oligo_p2,r3_oligos_combined,D05,41,1,10,G,G10,Oligo_LK_BorAT_R3_0013,AAG GCG GCC GAC AGG TCT GCC,,100,,,100000,,,,,,,,,,
r3_oligo_p2,r3_oligos_combined,D06,42,1,12,G,G12,Oligo_LK_BorAT_R3_0015,GCG GGT CAA TCT CGG AAC TTC AGC CC,,100,,,100000,,,,,,,,,,
r3_oligo_p2,r3_oligos_combined,D07,43,1,14,G,G14,Oligo_LK_BorAT_R3_0017,GCG AAT CAC GCG CTG CTG CGA,,100,,,100000,,,,,,,,,,
r3_oligo_p2,r3_oligos_combined,D08,44,1,16,G,G16,Oligo_LK_BorAT_R3_0019,TAG GCG CCC AGG GCG GT,,100,,,100000,,,,,,,,,,
r3_oligo_p2,r3_oligos_combined,D09,45,1,18,G,G18,Oligo_LK_BorAT_R3_0023,ACA CGC CGA CGT CCG TGC CC,,100,,,100000,,,,,,,,,,
r3_oligo_p2,r3_oligos_combined,D10,46,1,20,G,G20,Oligo_LK_BorAT_R3_0028,GGG GAC TTC CTC CAG GAT CAG ATG GGC G,,100,,,100000,,,,,,,,,,
r3_oligo_p2,r3_oligos_combined,D11,47,1,22,G,G22,Oligo_LK_BorAT_R3_0030,TCT TCG GGG ACT TCC TCC AGG ATC AGA,,100,,,100000,,,,,,,,,,
r3_oligo_p2,r3_oligos_combined,D12,48,1,24,G,G24,Oligo_LK_BorAT_R3_0032,CCG GCC AGC TCG CCA GCT,,100,,,100000,,,,,,,,,,
r3_oligo_p2,r3_oligos_combined,E01,49,1,02,I,I02,Oligo_LK_BorAT_R3_0034,TCC GGA CCC GCG ATC ACG ACT,,100,,,100000,,,,,,,,,,
r3_oligo_p2,r3_oligos_combined,E02,50,1,04,I,I04,Oligo_LK_BorAT_R3_0036,AGC AGA GCG TCA GCG TCC GC,,100,,,100000,,,,,,,,,,
r3_oligo_p2,r3_oligos_combined,E03,51,1,06,I,I06,Oligo_LK_BorAT_R3_0038,CGC CTG ACG GTA GCC ATC GCG,,100,,,100000,,,,,,,,,,
r3_oligo_p2,r3_oligos_combined,E04,52,1,08,I,I08,Oligo_LK_BorAT_R3_0040,GTC GCC TTG TGT CCT AAT GAC AGC ATC GGC,,100,,,100000,,,,,,,,,,
r3_oligo_p2,r3_oligos_combined,E05,53,1,10,I,I10,Oligo_GAH_DBAT_R3_0002,GGC GGC CTT ATT AGA CGG AAG TGG TAG TAT GGA AAT CTG TAT AGG GGG TCC TCC GGC TTC,,100,,,100000,,,,,,,,,,
r3_oligo_p2,r3_oligos_combined,E06,54,1,12,I,I12,Oligo_GAH_DBAT_R3_0004,CAG CAC TGC ATA ATT CTC TTA CTG TCA TGC C,,100,,,100000,,,,,,,,,,
r3_oligo_p2,r3_oligos_combined,E07,55,1,14,I,I14,Oligo_GAH_DBAT_R3_0005,CCT TAT TAG ACG GAA GTG GTA ATC CTG AAA TCT GTA TAG GGG GTC CTC CGG C,,100,,,100000,,,,,,,,,,
r3_oligo_p2,r3_oligos_combined,E08,56,1,16,I,I16,Oligo_GAH_DBAT_R3_0007,GCC TTA TTA GAC GGA AGT GGT AAT TCT GAA ATC TGT ATA GGG GGT CCT CCG GC,,100,,,100000,,,,,,,,,,
r3_oligo_p2,r3_oligos_combined,E09,57,1,18,I,I18,Oligo_GAH_DBAT_R3_0009,GCC TTA TTA GAC GGA AGT GGT ATG GCT GAA ATC TGT ATA GGG GGT CCT CCG GC,,100,,,100000,,,,,,,,,,
r3_oligo_p2,r3_oligos_combined,E10,58,1,20,I,I20,Oligo_GAH_DBAT_R3_0009,CGG CGG CCT TAT TAG ACG GAA GTG ATC GTA CTG AAA TCT GTA TAG GGG GTC CTC C,,100,,,100000,,,,,,,,,,
r3_oligo_p2,r3_oligos_combined,E11,59,1,22,I,I22,Oligo_GAH_DBAT_R3_0011,AAA GCG GTT AGC TCC TTC GGT CC,,100,,,100000,,,,,,,,,,
r3_oligo_p2,r3_oligos_combined,E12,60,1,24,I,I24,Oligo_GAH_DBAT_R3_0012,CGG CGG CCT TAT TAG ACG GAA GTG CTC GTA CTG AAA TCT GTA TAG GGG GTC CTC CGG C,,100,,,100000,,,,,,,,,,
r3_oligo_p2,r3_oligos_combined,F01,61,1,02,K,K02,Oligo_GAH_DBAT_R3_0002,CGG CGG CCT TAT TAG ACG GAA GTG ATT GTA CTG AAA TCT GTA TAG GGG GTC CTC CGG C,,100,,,100000,,,,,,,,,,
r3_oligo_p2,r3_oligos_combined,F02,62,1,04,K,K04,Oligo_GAH_DBAT_R3_0005,CGG CGG CCT TAT TAG ACG GAA GTG TGG GTA CTG AAA TCT GTA TAG GGG GTC CTC CGG C,,100,,,100000,,,,,,,,,,
r3_oligo_p2,r3_oligos_combined,F03,63,1,06,K,K06,Oligo_GAH_DBAT_R3_0006,CGG CGG CCT TAT TAG ACG GAA GTG TGA GTA CTG AAA TCT GTA TAG GGG GTC CTC CGG C,,100,,,100000,,,,,,,,,,
r3_oligo_p2,r3_oligos_combined,F04,64,1,08,K,K08,Oligo_GAH_DBAT_R3_0016,CGG CCT TAT TAG ACG GAA ATC GTA GTA CTG AAA TCT GTA TAG GGG GTC CTC CGG,,100,,,100000,,,,,,,,,,
r3_oligo_p2,r3_oligos_combined,F05,65,1,10,K,K10,Oligo_GAH_DBAT_R3_0020,GGC GGC CTT ATT AGA CGA TCG TGG TAG TAC TGA AAT CTG TAT AGG GGG TCC TCC,,100,,,100000,,,,,,,,,,
r3_oligo_p2,r3_oligos_combined,F06,66,1,12,K,K12,Oligo_GAH_DBAT_R3_0022,CGG CGG CCT TAT TAG ACG TGA GTG GTA GTA CTG AAA TCT GTA TAG GGG GTC CTC C,,100,,,100000,,,,,,,,,,
r3_oligo_p2,r3_oligos_combined,F07,67,1,14,K,K14,Oligo_GAH_DBAT_R3_0024,TCG GCG GCC TTA TTA GTG GGA AGT GGT AGT ACT GAA ATC TGT ATA GGG GGT CCT C,,100,,,100000,,,,,,,,,,
r3_oligo_p2,r3_oligos_combined,F08,68,1,16,K,K16,Oligo_GAH_DBAT_R3_0026,TCT TAG GCA CTG CTT GAT CTC GTT AAT GGT TTC ACT CGT GAT GAC TAA GGA CCC TTG,,100,,,100000,,,,,,,,,,
r3_oligo_p2,r3_oligos_combined,F09,69,1,18,K,K18,Oligo_GAH_DBAT_R3_0005,CTC TTT GCT CTC CTC TCT TAG CTC CTG CTT GAT GCA GTT AAT GGT TTC ACT CGT GAT G,,100,,,100000,,,,,,,,,,
r3_oligo_p2,r3_oligos_combined,F10,70,1,20,K,K20,Oligo_GAH_DBAT_R3_0030,CTC TTC TTG ATG ATC CTT ACT ACA TCT AAC AGA GAA CCG GAA AGA AGG TCT TTG AC,,100,,,100000,,,,,,,,,,
r3_oligo_p2,r3_oligos_combined,F11,71,1,22,K,K22,Oligo_GAH_DBAT_R3_0009,GCT CTT CTT GAT GAT CCT TAC TAC CTC TAA CAG AGA ACC GGA AAG AAG GTC TTT GAC,,100,,,100000,,,,,,,,,,
r3_oligo_p2,r3_oligos_combined,F12,72,1,24,K,K24,Oligo_GAH_DBAT_R3_0010,CTC ACC TTG CTC TTC TTG ATG ATA TCT ACT ACC CTT AAC AGA GAA CCG GAA AGA AGG TC,,100,,,100000,,,,,,,,,,
r3_oligo_p2,r3_oligos_combined,G01,73,1,02,M,M02,Oligo_GAH_DBAT_R3_0012,ACT CAC CTT GCT CTT CTT GAT GAT CTC TAC TAC CCT TAA CAG AGA ACC GGA AAG AAG GTC,,100,,,100000,,,,,,,,,,
r3_oligo_p2,r3_oligos_combined,G02,74,1,04,M,M04,Oligo_GAH_DBAT_R3_0014,GAG TGA CGA TTG TTG ATG TGA ACT CTT CGT TCA AAC TCA CCT TGC TCT TCT TGA TGA TCC,,100,,,100000,,,,,,,,,,
