intended_plasmid_id,teselagen_id,well,intended_seq_id,found_seq_id,is_a_match,other_mutations
AP_OplR_CH_R3_V17A_E218L_Y255T,AP_OplR_CH_R3_0001,A01,V17A_E218L_Y255T,V17A_E218L_Y255T,True,
AP_OplR_CH_R3_K137A_S188L_Y255L,AP_OplR_CH_R3_0002,A02,K137A_S188L_Y255L,Q123D_S188L_Q303R,False,
AP_OplR_CH_R3_K137A_E218L_Y255T,AP_OplR_CH_R3_0003,A03,K137A_E218L_Y255T,K137A_E218L_Y255T,True,
AP_OplR_CH_R3_K137L_E218L_Y255T,AP_OplR_CH_R3_0004,A04,K137L_E218L_Y255T,W9L_K137L_E218L_Y255T,False,
AP_OplR_CH_R3_N139A_E218L_Y255T,AP_OplR_CH_R3_0005,A05,N139A_E218L_Y255T,N139A_E218L_Y255T,True,
AP_OplR_CH_R3_N139A_E218R_Y255T,AP_OplR_CH_R3_0006,A06,N139A_E218R_Y255T,N139A_E218R_Y255T,True,
AP_OplR_CH_R3_N139H_E218L_Y255T,AP_OplR_CH_R3_0007,A07,N139H_E218L_Y255T,N139H_E218L_Y255T,True,
AP_OplR_CH_R3_N139L_E218L_Y255T,AP_OplR_CH_R3_0008,A08,N139L_E218L_Y255T,N139L_E218L_Y255T,True,
AP_OplR_CH_R3_N139L_E218R_Y255T,AP_OplR_CH_R3_0009,A09,N139L_E218R_Y255T,N139L_E218R_Y255T,True,
AP_OplR_CH_R3_N139Q_E218L_Y255T,AP_OplR_CH_R3_0010,A10,N139Q_E218L_Y255T,Q164L_E218L_Y255T,False,
AP_OplR_CH_R3_S188L_E218L_Y255T,AP_OplR_CH_R3_0013,B01,S188L_E218L_Y255T,S188L_E218L_Y255T,True,
AP_OplR_CH_R3_S188V_E218L_Y255T,AP_OplR_CH_R3_0014,B02,S188V_E218L_Y255T,S188V_E218L_Y255T,True,
AP_OplR_CH_R3_N208A_E218L_Y255T,AP_OplR_CH_R3_0015,B03,N208A_E218L_Y255T,E205A_G206L_N208T_S210H_T211L_L212T_H213R_L214V_T215L_R216Q_V217Y_E218V_Y220Q_V221N_Q222L_Q223G_N224D_L225P_G226E_D227L_P228S_E229P_L230Q_S231T_P232I_Q233A_T234G_I235A_A236C_A238L_C239S_G240L_L241R_S242Y_R244H_Y245K_H247F_K248A_L249I_F250T_A251P_I252T_P254L_Y255N_T256E_L257W_N258V_E259R_W260L_V261Q_Q264E_R265A_L266V_E267H_A268R_V269Q_H270L_Q272D_L273P_R274H_D275C_P276H_H277L_C278A_H279I_L280G_A281E_I282L_G283A_E284F_L285R_A286W_F287G_R288F_W289A_G290D_F291Q_D293Q_Q294F_A295T_Q296R_F297A_T298F_A300Q_F301Q_R302Y_Q303G_Q304C_Y305T_G306A_C307S_T308E_A309V_S310R_E311A_V312T_A314T_T315H_R316*_T317G_H318S_*319K,False,
AP_OplR_CH_R3_E218L_I252A_Y255T,AP_OplR_CH_R3_0016,B04,E218L_I252A_Y255T,E218L_I252A_Y255T,True,
AP_OplR_CH_R3_E218L_I252D_Y255T,AP_OplR_CH_R3_0017,B05,E218L_I252D_Y255T,E218L_I252D_Y255T,True,
AP_OplR_CH_R3_E218L_I252H_Y255T,AP_OplR_CH_R3_0018,B06,E218L_I252H_Y255T,M1D_M1R_M1T_G1V_I2E_A2G_E3*_S3P_A3Y_E4A_Q4P_S4P_S4V_W5M_D5S_L5S_S6A_D6R_G6T_G6W_V7R_T7R_H8D_I8G_H8R_L8S_K9G_G9P_W9P_A9R_*10E_E10Q_G10R_W10T_P11L_F11P_S11R_G11W_P12D_M12E_Q12T_R13D_E13K_A13R_E14A_A14L_A14S_F14T_L15A_K15F_R15G_W15S_V16G_V16Q_Q16R_Q16S_R17A_S17Q_V17Q_E17V_K18E_M18H_R18L_L19G_L19Q_E19R_W19T_D20Q_A20S_G20T_F20V_G21A_S21F_G21L_E21T_F22A_V22F_A22G_Y22Q_N23A_L23F_I23R_D23R_W24C_G24D_A24F_S24P_D25A_A25E_H25G_A25R_T26A_E26P_Q26W_D27A_F27I_Q27P_Y27P_L28H_F28M_E28R_T28S_M29K_P29K_I29N_I29S_E30Q_L30R_A30W_Q31L_S31W_L32A_G32A_E32L_S32P_D33A_I33D_E33D_F34C_E34G_M34K_A35N_G35R_I35Y_R36A_V36S_A36S_G37C_P37L_F37R_Q38C_Y38D_R38L_E39L_L39N_P39Q_S40G_G40R_F40R_A41K_T41R_D41S_Q42*_Q42E_T43A_H43A_G43V_A44Q_L44R_R44S_P45L_K45R_Q45T_R46L_V46M_L46P_L47A_W47C_K47R_V48H_F48S_S48W_V49A_T49R_K50Q_P50S_K50V_T51R_G52L_D52T_P53R_P53S_L53W_L54*_L54G_S54R_P55Q_S55R_G55S_F56*_A56G_L56P_S57A_L57C_A57P_N58G_W58R_D59G_L59N_E59Q_R60G_L60P_I60V_S61G_L61G_Q61W_S62P_D62V_P63A_Q63R_L64P_Q64P_A64S_G65A_F65R_A65S_Y66K_Q66P_R66V_L67G_S67N_Y67V_G68A_S68I_R68S_W69C_S69P_S69R_L70I_K70R_K70V_A71G_A71R_A71S_T72P_H72S_Y72V_V73Q_I73S_T73S_G74*_K74C_G74R_H75R_Q75R_V75S_P76*_P76R_D76R_A77G_C77H_H77T_D78G_A78N_E78S_I79*_A79G_A79P_V80*_P80S_F80W_L81D_Y81R_D81R_D82*_Y82R_L82T_V83A_L83P_V83S_K84G_V84S_V85G_L85R_T85Y_S86I_E86Q_P86R_F87A_H87I_A87L_G88A_G88D_P88V_E89G_R89L_E90*_G90A_D90N_W91G_V91R_F91W_H92P_K92R_L92S_F93A_W93P_E94A_L94D_E94S_R95P_G95S_Q95T_V96H_E96H_D96V_M97P_V97Q_G97T_P98*_N98D_H98K_G99K_Q99P_F99P_I100A_Q100T_E100V_D101P_S101R_D101S_L102G_C102T_S103*_L103G_G103R_V104A_S104N_V105A_G105R_S105R_H106A_G106S_L107F_V107T_F107W_A108*_I108C_T108D_V109R_Q109R_P109T_E110*_A110N_D110P_E111P_S111R_K112D_G112R_S112R_L113G_V113G_D113T_Q114A_S114V_D115A_P115G_I115L_Y116C_G116Q_M116R_E117P_A117S_F118A_D118L_F118P_A119L_H119R_I119R_M120D_Y120H_Y120S_R121L_G121S_K121S_V122G_T122S_R122S_Q123A_K123H_L123T_H124G_L124G_N124T_D125K_R125T_T125V_L126Q_G126R_L126R_D127A_T127P_W127R_V128*_N128A_P128S_L129P_A129S_F129S_K130A_P130L_T130R_S131D_C131T_L131T_P132R_D132R_F133E_G133N_E133P_P134G_D134S_V135G_A135L_H135R_L136R_Q136S_A137E_Q137G_K137P_K138E_A138L_K138T_K139A_H139L_N139W_L140P_T140R_R140V_M141A_L141I_I141K_G142*_G142A_E142K_R143A_W143A_H143G_K144C_A144I_E144P_R145E_R145N_S146D_T146G_Y146G_T147A_R147D_M148A_E148R_R148S_R149*_E149L_H149R_C150A_M150A_A150R_F151A_G151I_Y151V_P152F_L152G_D152R_A153H_V153S_E153S_D154G_R154V_Q155D_G155R_Q155T_G156R_D156T_A156W_L157A_L157R_D157V_K158A_G158F_L158K_D159H_G159V_E160G_I160R_I161A_F161S_H162A_K162A_V162T_M163D_E163R_Q163V_Q164P_G164S_R164T_L165G_L165P_L165W_A166F_K166H_D166S_L167A_P167A_L167G_K168A_C168H_D169A_E169K_A169Q_G170P_R170W_H171A_G171V_H172A_A172S_F172T_Y173L_R173N_D173S_D174G_L174I_T174P_A175L_K175T_P176A_A176G_E176R_P177R_R177S_V177S_A178K_K178N_M178Q_T179P_A179R_P179R_T180*_R180S_D180Y_H181S_G181V_Y181V_L182H_E182L_M182R_L183A_A183C_D183I_L184A_L184P_K184S_E185M_K185R_Q186H_P186L_V186R_T187H_A187R_V187S_Q188A_S188R_H188T_A189D_G189Q_L189V_P190A_D190P_T190W_G191A_L191P_L192K_A192S_C192T_Y193P_L193S_L193V_P194D_K194P_A194W_L195E_N195E_T195Y_Q196S_I196S_D196T_I197L_M197R_V198K_D198S_K198S_L199A_E199A_N200A_R200L_D200S_G201I_I201P_V201R_R202F_L202R_T202R_S203C_F203H_G203R_S204H_S204K_H204V_N205A_G205D_E205P_F206I_E206V_G206W_D207H_S207P_I207R_Y208G_D208Q_N208T_T209A_C209A_L209G_S210*_I210G_R211I_V211P_T211Q_L212A_L212K_E212L_Q213*_G213M_H213R_L214F_V214G_Y214T_T215G_A215H_E215Q_R216K_R217E_V217G_A217G_Y218I_E218M_E218P_Q219L_G219P_Q219S_D220A_R220E_Y220L_H221G_V221P_I221V_S222E_A222G_Q222Y_L223H_T223P_Q223R_N224P_G224V_A225*_L225P_T225R_R226L_G226Q_D227E_I228P_P228R_A229G_E229V_L230R_S231C_E231Q_P232A_L232F_Q233R_T234R_G234W_I235P_E235R_W236E_A236I_G237K_A237P_D238L_A238P_C239K_R239M_F240L_G240R_L241F_L241R_S242P_L243E_L243Q_Y244I_R244T_Y245F_G245I_L246G_I246L_A247I_H247S_K248A_A248D_L249*_P249K_F250S_D250T_S251G_A251P_Q252F_I252F_R253H_T253W_I254P_P254T_Y255P_A255S_F256T_T256W_Y257C_L257G_N258R_R258S_E259*_L260D_W260I_D261A_V261G_R262I_E262M_L263C_Q264R_F264R_R265P_L266R_E267P_A268P_V269R_H270S_R271S_Q272R_L273P_R274W_D275A_P276K_H277S_H279*_L280R_A281N_I282S_E284K_L285S_A286S_F287A_W289N_G290R_F291P_A292Q_D293A_Q294P_Q296M_F297V_T298C_R299G_A300D_F301S_R302S_Q303G_Q304S_Y305P_G306R_C307F_T308C_A309C_S310T_E311Y_V312C_A314T_T315R_R316V_T317R_H318C_*319R,False,"Mutation(position=2665, mutation_type='substitution', reference_base='A', variant_base='A', annotations=[], amino_acid_change=None, end_position=None); Mutation(position=2666, mutation_type='substitution', reference_base='T', variant_base='C', annotations=[], amino_acid_change=None, end_position=None); Mutation(position=2668, mutation_type='deletion', reference_base='T', variant_base='', annotations=[], amino_acid_change=None, end_position=None); Mutation(position=2670, mutation_type='substitution', reference_base='T', variant_base='A', annotations=[], amino_acid_change=None, end_position=None); Mutation(position=2672, mutation_type='deletion', reference_base='T', variant_base='', annotations=[], amino_acid_change=None, end_position=None); Mutation(position=2674, mutation_type='substitution', reference_base='T', variant_base='C', annotations=[], amino_acid_change=None, end_position=None); Mutation(position=2675, mutation_type='substitution', reference_base='C', variant_base='T', annotations=[], amino_acid_change=None, end_position=None); Mutation(position=2678, mutation_type='substitution', reference_base='T', variant_base='C', annotations=[], amino_acid_change=None, end_position=None); Mutation(position=2679, mutation_type='deletion', reference_base='C', variant_base='', annotations=[], amino_acid_change=None, end_position=None); Mutation(position=2682, mutation_type='deletion', reference_base='A', variant_base='', annotations=[], amino_acid_change=None, end_position=None); Mutation(position=2683, mutation_type='deletion', reference_base='A', variant_base='', annotations=[], amino_acid_change=None, end_position=None); Mutation(position=2684, mutation_type='deletion', reference_base='A', variant_base='', annotations=[], amino_acid_change=None, end_position=None); Mutation(position=2687, mutation_type='substitution', reference_base='T', variant_base='A', annotations=[], amino_acid_change=None, end_position=None); Mutation(position=2688, mutation_type='substitution', reference_base='A', variant_base='A', annotations=[], amino_acid_change=None, end_position=None); Mutation(position=2689, mutation_type='deletion', reference_base='G', variant_base='', annotations=[], amino_acid_change=None, end_position=None); Mutation(position=2692, mutation_type='substitution', reference_base='T', variant_base='T', annotations=[], amino_acid_change=None, end_position=None); Mutation(position=2693, mutation_type='substitution', reference_base='A', variant_base='C', annotations=[], amino_acid_change=None, end_position=None); Mutation(position=2697, mutation_type='substitution', reference_base='C', variant_base='T', annotations=['J23119(SpeI) promoter (fragment)'], amino_acid_change=None, end_position=None); Mutation(position=2698, mutation_type='substitution', reference_base='C', variant_base='G', annotations=['J23119(SpeI) promoter (fragment)'], amino_acid_change=None, end_position=None); Mutation(position=2700, mutation_type='substitution', reference_base='A', variant_base='C', annotations=['J23119(SpeI) promoter (fragment)'], amino_acid_change=None, end_position=None); Mutation(position=2702, mutation_type='substitution', reference_base='G', variant_base='C', annotations=['J23119(SpeI) promoter (fragment)'], amino_acid_change=None, end_position=None); Mutation(position=2705, mutation_type='substitution', reference_base='T', variant_base='G', annotations=['J23119(SpeI) promoter (fragment)'], amino_acid_change=None, end_position=None); Mutation(position=2706, mutation_type='deletion', reference_base='G', variant_base='', annotations=['J23119(SpeI) promoter (fragment)'], amino_acid_change=None, end_position=None); Mutation(position=2710, mutation_type='substitution', reference_base='T', variant_base='C', annotations=['J23119(SpeI) promoter (fragment)'], amino_acid_change=None, end_position=None); Mutation(position=2712, mutation_type='substitution', reference_base='G', variant_base='T', annotations=['J23119(SpeI) promoter (fragment)'], amino_acid_change=None, end_position=None); Mutation(position=2713, mutation_type='deletion', reference_base='C', variant_base='', annotations=['J23119(SpeI) promoter (fragment)'], amino_acid_change=None, end_position=None); Mutation(position=2715, mutation_type='substitution', reference_base='A', variant_base='T', annotations=[], amino_acid_change=None, end_position=None); Mutation(position=2716, mutation_type='substitution', reference_base='T', variant_base='C', annotations=[], amino_acid_change=None, end_position=None); Mutation(position=2718, mutation_type='substitution', reference_base='A', variant_base='G', annotations=[], amino_acid_change=None, end_position=None); Mutation(position=2720, mutation_type='insertion', reference_base='', variant_base='G', annotations=[], amino_acid_change=None, end_position=None); Mutation(position=2721, mutation_type='deletion', reference_base='T', variant_base='', annotations=[], amino_acid_change=None, end_position=None); Mutation(position=2724, mutation_type='substitution', reference_base='A', variant_base='G', annotations=[], amino_acid_change=None, end_position=None); Mutation(position=2727, mutation_type='substitution', reference_base='T', variant_base='A', annotations=[], amino_acid_change=None, end_position=None); Mutation(position=2728, mutation_type='substitution', reference_base='G', variant_base='C', annotations=[], amino_acid_change=None, end_position=None); Mutation(position=2731, mutation_type='deletion', reference_base='T', variant_base='', annotations=[], amino_acid_change=None, end_position=None); Mutation(position=2733, mutation_type='deletion', reference_base='G', variant_base='', annotations=[], amino_acid_change=None, end_position=None); Mutation(position=2735, mutation_type='substitution', reference_base='A', variant_base='A', annotations=[], amino_acid_change=None, end_position=None); Mutation(position=2737, mutation_type='deletion', reference_base='C', variant_base='', annotations=[], amino_acid_change=None, end_position=None); Mutation(position=2739, mutation_type='substitution', reference_base='T', variant_base='T', annotations=[], amino_acid_change=None, end_position=None); Mutation(position=2743, mutation_type='insertion', reference_base='', variant_base='A', annotations=['lambda t0 terminator'], amino_acid_change=None, end_position=None); Mutation(position=2745, mutation_type='insertion', reference_base='', variant_base='G', annotations=['lambda t0 terminator'], amino_acid_change=None, end_position=None); Mutation(position=2746, mutation_type='deletion', reference_base='T', variant_base='', annotations=['lambda t0 terminator'], amino_acid_change=None, end_position=None); Mutation(position=2749, mutation_type='substitution', reference_base='C', variant_base='T', annotations=['lambda t0 terminator'], amino_acid_change=None, end_position=None); Mutation(position=2751, mutation_type='deletion', reference_base='A', variant_base='', annotations=['lambda t0 terminator'], amino_acid_change=None, end_position=None); Mutation(position=2752, mutation_type='deletion', reference_base='A', variant_base='', annotations=['lambda t0 terminator'], amino_acid_change=None, end_position=None); Mutation(position=2754, mutation_type='substitution', reference_base='A', variant_base='G', annotations=['lambda t0 terminator'], amino_acid_change=None, end_position=None); Mutation(position=2755, mutation_type='substitution', reference_base='A', variant_base='A', annotations=['lambda t0 terminator'], amino_acid_change=None, end_position=None); Mutation(position=2756, mutation_type='substitution', reference_base='A', variant_base='A', annotations=['lambda t0 terminator'], amino_acid_change=None, end_position=None); Mutation(position=2757, mutation_type='substitution', reference_base='A', variant_base='C', annotations=['lambda t0 terminator'], amino_acid_change=None, end_position=None); Mutation(position=2758, mutation_type='deletion', reference_base='A', variant_base='', annotations=['lambda t0 terminator'], amino_acid_change=None, end_position=None); Mutation(position=2759, mutation_type='deletion', reference_base='A', variant_base='', annotations=['lambda t0 terminator'], amino_acid_change=None, end_position=None); Mutation(position=2765, mutation_type='substitution', reference_base='G', variant_base='A', annotations=['lambda t0 terminator'], amino_acid_change=None, end_position=None); Mutation(position=2766, mutation_type='substitution', reference_base='G', variant_base='T', annotations=['lambda t0 terminator'], amino_acid_change=None, end_position=None); Mutation(position=2767, mutation_type='substitution', reference_base='C', variant_base='T', annotations=['lambda t0 terminator'], amino_acid_change=None, end_position=None); Mutation(position=2770, mutation_type='substitution', reference_base='C', variant_base='A', annotations=['lambda t0 terminator'], amino_acid_change=None, end_position=None); Mutation(position=2773, mutation_type='deletion', reference_base='C', variant_base='', annotations=['lambda t0 terminator'], amino_acid_change=None, end_position=None); Mutation(position=2774, mutation_type='deletion', reference_base='C', variant_base='', annotations=['lambda t0 terminator'], amino_acid_change=None, end_position=None); Mutation(position=2776, mutation_type='deletion', reference_base='A', variant_base='', annotations=['lambda t0 terminator'], amino_acid_change=None, end_position=None); Mutation(position=2778, mutation_type='deletion', reference_base='C', variant_base='', annotations=['lambda t0 terminator'], amino_acid_change=None, end_position=None); Mutation(position=2779, mutation_type='deletion', reference_base='G', variant_base='', annotations=['lambda t0 terminator'], amino_acid_change=None, end_position=None); Mutation(position=2782, mutation_type='substitution', reference_base='C', variant_base='C', annotations=['lambda t0 terminator'], amino_acid_change=None, end_position=None); Mutation(position=2783, mutation_type='substitution', reference_base='T', variant_base='G', annotations=['lambda t0 terminator'], amino_acid_change=None, end_position=None); Mutation(position=2787, mutation_type='insertion', reference_base='', variant_base='G', annotations=['lambda t0 terminator'], amino_acid_change=None, end_position=None); Mutation(position=2788, mutation_type='substitution', reference_base='A', variant_base='C', annotations=['lambda t0 terminator'], amino_acid_change=None, end_position=None); Mutation(position=2789, mutation_type='substitution', reference_base='A', variant_base='T', annotations=['lambda t0 terminator'], amino_acid_change=None, end_position=None); Mutation(position=2790, mutation_type='deletion', reference_base='A', variant_base='', annotations=['lambda t0 terminator'], amino_acid_change=None, end_position=None); Mutation(position=2792, mutation_type='substitution', reference_base='C', variant_base='G', annotations=['lambda t0 terminator'], amino_acid_change=None, end_position=None); Mutation(position=2795, mutation_type='substitution', reference_base='G', variant_base='G', annotations=['lambda t0 terminator'], amino_acid_change=None, end_position=None); Mutation(position=2797, mutation_type='deletion', reference_base='T', variant_base='', annotations=['lambda t0 terminator'], amino_acid_change=None, end_position=None); Mutation(position=2799, mutation_type='substitution', reference_base='G', variant_base='A', annotations=['lambda t0 terminator'], amino_acid_change=None, end_position=None); Mutation(position=2801, mutation_type='substitution', reference_base='G', variant_base='G', annotations=['lambda t0 terminator'], amino_acid_change=None, end_position=None); Mutation(position=2802, mutation_type='substitution', reference_base='T', variant_base='C', annotations=['lambda t0 terminator'], amino_acid_change=None, end_position=None); Mutation(position=2803, mutation_type='deletion', reference_base='T', variant_base='', annotations=['lambda t0 terminator'], amino_acid_change=None, end_position=None); Mutation(position=2807, mutation_type='deletion', reference_base='A', variant_base='', annotations=['lambda t0 terminator'], amino_acid_change=None, end_position=None); Mutation(position=2809, mutation_type='deletion', reference_base='G', variant_base='', annotations=['lambda t0 terminator'], amino_acid_change=None, end_position=None); Mutation(position=2810, mutation_type='deletion', reference_base='T', variant_base='', annotations=['lambda t0 terminator'], amino_acid_change=None, end_position=None); Mutation(position=2811, mutation_type='deletion', reference_base='C', variant_base='', annotations=['lambda t0 terminator'], amino_acid_change=None, end_position=None); Mutation(position=2814, mutation_type='substitution', reference_base='T', variant_base='G', annotations=['lambda t0 terminator'], amino_acid_change=None, end_position=None); Mutation(position=2815, mutation_type='substitution', reference_base='A', variant_base='A', annotations=['lambda t0 terminator'], amino_acid_change=None, end_position=None); Mutation(position=2818, mutation_type='substitution', reference_base='G', variant_base='G', annotations=['lambda t0 terminator'], amino_acid_change=None, end_position=None); Mutation(position=2819, mutation_type='deletion', reference_base='G', variant_base='', annotations=['lambda t0 terminator'], amino_acid_change=None, end_position=None); Mutation(position=2820, mutation_type='deletion', reference_base='A', variant_base='', annotations=['lambda t0 terminator'], amino_acid_change=None, end_position=None); Mutation(position=2824, mutation_type='substitution', reference_base='A', variant_base='A', annotations=['lambda t0 terminator'], amino_acid_change=None, end_position=None); Mutation(position=2825, mutation_type='substitution', reference_base='T', variant_base='A', annotations=['lambda t0 terminator'], amino_acid_change=None, end_position=None); Mutation(position=2827, mutation_type='deletion', reference_base='A', variant_base='', annotations=['lambda t0 terminator'], amino_acid_change=None, end_position=None); Mutation(position=2828, mutation_type='deletion', reference_base='A', variant_base='', annotations=['lambda t0 terminator'], amino_acid_change=None, end_position=None); Mutation(position=2830, mutation_type='deletion', reference_base='A', variant_base='', annotations=['lambda t0 terminator'], amino_acid_change=None, end_position=None); Mutation(position=2832, mutation_type='deletion', reference_base='G', variant_base='', annotations=['lambda t0 terminator'], amino_acid_change=None, end_position=None); Mutation(position=2833, mutation_type='deletion', reference_base='A', variant_base='', annotations=['lambda t0 terminator'], amino_acid_change=None, end_position=None); Mutation(position=2834, mutation_type='deletion', reference_base='G', variant_base='', annotations=['lambda t0 terminator'], amino_acid_change=None, end_position=None); Mutation(position=2835, mutation_type='deletion', reference_base='T', variant_base='', annotations=['lambda t0 terminator'], amino_acid_change=None, end_position=None); Mutation(position=2841, mutation_type='deletion', reference_base='C', variant_base='', annotations=[], amino_acid_change=None, end_position=None); Mutation(position=2844, mutation_type='deletion', reference_base='G', variant_base='', annotations=[], amino_acid_change=None, end_position=None); Mutation(position=2845, mutation_type='deletion', reference_base='C', variant_base='', annotations=[], amino_acid_change=None, end_position=None); Mutation(position=2849, mutation_type='deletion', reference_base='C', variant_base='', annotations=[], amino_acid_change=None, end_position=None); Mutation(position=2852, mutation_type='insertion', reference_base='', variant_base='T', annotations=[], amino_acid_change=None, end_position=None); Mutation(position=2852, mutation_type='substitution', reference_base='A', variant_base='C', annotations=[], amino_acid_change=None, end_position=None); Mutation(position=2853, mutation_type='substitution', reference_base='C', variant_base='G', annotations=[], amino_acid_change=None, end_position=None); Mutation(position=2855, mutation_type='substitution', reference_base='C', variant_base='G', annotations=[], amino_acid_change=None, end_position=None); Mutation(position=2859, mutation_type='substitution', reference_base='A', variant_base='C', annotations=[], amino_acid_change=None, end_position=None); Mutation(position=2861, mutation_type='deletion', reference_base='T', variant_base='', annotations=[], amino_acid_change=None, end_position=None); Mutation(position=2862, mutation_type='deletion', reference_base='C', variant_base='', annotations=[], amino_acid_change=None, end_position=None); Mutation(position=2863, mutation_type='deletion', reference_base='C', variant_base='', annotations=[], amino_acid_change=None, end_position=None); Mutation(position=2864, mutation_type='deletion', reference_base='C', variant_base='', annotations=[], amino_acid_change=None, end_position=None); Mutation(position=2866, mutation_type='substitution', reference_base='C', variant_base='C', annotations=[], amino_acid_change=None, end_position=None); Mutation(position=3664, mutation_type='insertion', reference_base='', variant_base='T', annotations=[], amino_acid_change=None, end_position=None); Mutation(position=3667, mutation_type='deletion', reference_base='A', variant_base='', annotations=[], amino_acid_change=None, end_position=None); Mutation(position=3668, mutation_type='deletion', reference_base='C', variant_base='', annotations=[], amino_acid_change=None, end_position=None); Mutation(position=3671, mutation_type='substitution', reference_base='T', variant_base='A', annotations=[], amino_acid_change=None, end_position=None); Mutation(position=3673, mutation_type='substitution', reference_base='C', variant_base='C', annotations=[], amino_acid_change=None, end_position=None); Mutation(position=3675, mutation_type='substitution', reference_base='C', variant_base='T', annotations=[], amino_acid_change=None, end_position=None); Mutation(position=3676, mutation_type='substitution', reference_base='A', variant_base='C', annotations=[], amino_acid_change=None, end_position=None); Mutation(position=3677, mutation_type='deletion', reference_base='T', variant_base='', annotations=[], amino_acid_change=None, end_position=None); Mutation(position=3679, mutation_type='substitution', reference_base='C', variant_base='T', annotations=[], amino_acid_change=None, end_position=None); Mutation(position=3680, mutation_type='deletion', reference_base='T', variant_base='', annotations=[], amino_acid_change=None, end_position=None); Mutation(position=3682, mutation_type='deletion', reference_base='T', variant_base='', annotations=[], amino_acid_change=None, end_position=None); Mutation(position=3684, mutation_type='substitution', reference_base='T', variant_base='G', annotations=[], amino_acid_change=None, end_position=None); Mutation(position=3685, mutation_type='substitution', reference_base='C', variant_base='T', annotations=[], amino_acid_change=None, end_position=None); Mutation(position=3686, mutation_type='substitution', reference_base='T', variant_base='C', annotations=[], amino_acid_change=None, end_position=None); Mutation(position=3689, mutation_type='substitution', reference_base='A', variant_base='G', annotations=[], amino_acid_change=None, end_position=None); Mutation(position=3690, mutation_type='deletion', reference_base='T', variant_base='', annotations=[], amino_acid_change=None, end_position=None); Mutation(position=3691, mutation_type='deletion', reference_base='C', variant_base='', annotations=[], amino_acid_change=None, end_position=None); Mutation(position=3692, mutation_type='deletion', reference_base='A', variant_base='', annotations=[], amino_acid_change=None, end_position=None); Mutation(position=3800, mutation_type='deletion', reference_base='C', variant_base='', annotations=[], amino_acid_change=None, end_position=None); Mutation(position=3803, mutation_type='insertion', reference_base='', variant_base='T', annotations=[], amino_acid_change=None, end_position=None); Mutation(position=3806, mutation_type='insertion', reference_base='', variant_base='C', annotations=[], amino_acid_change=None, end_position=None); Mutation(position=3806, mutation_type='substitution', reference_base='G', variant_base='A', annotations=[], amino_acid_change=None, end_position=None); Mutation(position=3808, mutation_type='substitution', reference_base='G', variant_base='G', annotations=[], amino_acid_change=None, end_position=None); Mutation(position=3811, mutation_type='substitution', reference_base='C', variant_base='A', annotations=[], amino_acid_change=None, end_position=None); Mutation(position=3814, mutation_type='substitution', reference_base='C', variant_base='A', annotations=[], amino_acid_change=None, end_position=None); Mutation(position=3816, mutation_type='substitution', reference_base='G', variant_base='T', annotations=[], amino_acid_change=None, end_position=None); Mutation(position=3817, mutation_type='deletion', reference_base='G', variant_base='', annotations=[], amino_acid_change=None, end_position=None); Mutation(position=3818, mutation_type='deletion', reference_base='G', variant_base='', annotations=[], amino_acid_change=None, end_position=None); Mutation(position=3820, mutation_type='deletion', reference_base='A', variant_base='', annotations=[], amino_acid_change=None, end_position=None); Mutation(position=3821, mutation_type='deletion', reference_base='A', variant_base='', annotations=[], amino_acid_change=None, end_position=None); Mutation(position=3825, mutation_type='deletion', reference_base='C', variant_base='', annotations=[], amino_acid_change=None, end_position=None); Mutation(position=3826, mutation_type='deletion', reference_base='T', variant_base='', annotations=[], amino_acid_change=None, end_position=None); Mutation(position=3830, mutation_type='substitution', reference_base='G', variant_base='C', annotations=[], amino_acid_change=None, end_position=None); Mutation(position=3834, mutation_type='substitution', reference_base='C', variant_base='G', annotations=[], amino_acid_change=None, end_position=None); Mutation(position=3837, mutation_type='substitution', reference_base='A', variant_base='C', annotations=[], amino_acid_change=None, end_position=None); Mutation(position=3839, mutation_type='insertion', reference_base='', variant_base='C', annotations=[], amino_acid_change=None, end_position=None); Mutation(position=3840, mutation_type='insertion', reference_base='', variant_base='C', annotations=[], amino_acid_change=None, end_position=None); Mutation(position=3844, mutation_type='insertion', reference_base='', variant_base='A', annotations=[], amino_acid_change=None, end_position=None); Mutation(position=3844, mutation_type='substitution', reference_base='G', variant_base='T', annotations=[], amino_acid_change=None, end_position=None); Mutation(position=3845, mutation_type='substitution', reference_base='G', variant_base='T', annotations=[], amino_acid_change=None, end_position=None); Mutation(position=3847, mutation_type='substitution', reference_base='A', variant_base='G', annotations=[], amino_acid_change=None, end_position=None); Mutation(position=3848, mutation_type='deletion', reference_base='A', variant_base='', annotations=[], amino_acid_change=None, end_position=None); Mutation(position=3850, mutation_type='deletion', reference_base='A', variant_base='', annotations=[], amino_acid_change=None, end_position=None); Mutation(position=3855, mutation_type='substitution', reference_base='T', variant_base='A', annotations=[], amino_acid_change=None, end_position=None); Mutation(position=3856, mutation_type='deletion', reference_base='G', variant_base='', annotations=[], amino_acid_change=None, end_position=None); Mutation(position=3858, mutation_type='substitution', reference_base='C', variant_base='G', annotations=[], amino_acid_change=None, end_position=None); Mutation(position=3860, mutation_type='substitution', reference_base='C', variant_base='C', annotations=[], amino_acid_change=None, end_position=None); Mutation(position=3861, mutation_type='deletion', reference_base='C', variant_base='', annotations=[], amino_acid_change=None, end_position=None); Mutation(position=3863, mutation_type='deletion', reference_base='G', variant_base='', annotations=[], amino_acid_change=None, end_position=None); Mutation(position=3866, mutation_type='substitution', reference_base='C', variant_base='A', annotations=[], amino_acid_change=None, end_position=None); Mutation(position=3868, mutation_type='insertion', reference_base='', variant_base='T', annotations=[], amino_acid_change=None, end_position=None); Mutation(position=3870, mutation_type='deletion', reference_base='C', variant_base='', annotations=[], amino_acid_change=None, end_position=None); Mutation(position=3872, mutation_type='deletion', reference_base='T', variant_base='', annotations=[], amino_acid_change=None, end_position=None); Mutation(position=3875, mutation_type='deletion', reference_base='A', variant_base='', annotations=[], amino_acid_change=None, end_position=None); Mutation(position=3876, mutation_type='deletion', reference_base='G', variant_base='', annotations=[], amino_acid_change=None, end_position=None); Mutation(position=3877, mutation_type='deletion', reference_base='T', variant_base='', annotations=[], amino_acid_change=None, end_position=None); Mutation(position=3878, mutation_type='deletion', reference_base='G', variant_base='', annotations=[], amino_acid_change=None, end_position=None); Mutation(position=3880, mutation_type='deletion', reference_base='G', variant_base='', annotations=[], amino_acid_change=None, end_position=None); Mutation(position=3882, mutation_type='substitution', reference_base='C', variant_base='C', annotations=[], amino_acid_change=None, end_position=None); Mutation(position=3887, mutation_type='deletion', reference_base='C', variant_base='', annotations=[], amino_acid_change=None, end_position=None); Mutation(position=3890, mutation_type='substitution', reference_base='A', variant_base='C', annotations=[], amino_acid_change=None, end_position=None); Mutation(position=3891, mutation_type='substitution', reference_base='A', variant_base='G', annotations=[], amino_acid_change=None, end_position=None); Mutation(position=3894, mutation_type='substitution', reference_base='A', variant_base='G', annotations=[], amino_acid_change=None, end_position=None); Mutation(position=3896, mutation_type='substitution', reference_base='C', variant_base='G', annotations=[], amino_acid_change=None, end_position=None); Mutation(position=3899, mutation_type='insertion', reference_base='', variant_base='A', annotations=[], amino_acid_change=None, end_position=None); Mutation(position=3900, mutation_type='substitution', reference_base='A', variant_base='G', annotations=[], amino_acid_change=None, end_position=None); Mutation(position=3901, mutation_type='substitution', reference_base='C', variant_base='C', annotations=[], amino_acid_change=None, end_position=None); Mutation(position=3902, mutation_type='substitution', reference_base='A', variant_base='C', annotations=[], amino_acid_change=None, end_position=None); Mutation(position=3903, mutation_type='substitution', reference_base='C', variant_base='G', annotations=[], amino_acid_change=None, end_position=None); Mutation(position=3904, mutation_type='substitution', reference_base='C', variant_base='C', annotations=[], amino_acid_change=None, end_position=None); Mutation(position=3908, mutation_type='insertion', reference_base='', variant_base='A', annotations=[], amino_acid_change=None, end_position=None); Mutation(position=3908, mutation_type='insertion', reference_base='', variant_base='A', annotations=[], amino_acid_change=None, end_position=None); Mutation(position=3910, mutation_type='deletion', reference_base='A', variant_base='', annotations=[], amino_acid_change=None, end_position=None); Mutation(position=3912, mutation_type='substitution', reference_base='A', variant_base='G', annotations=[], amino_acid_change=None, end_position=None); Mutation(position=3913, mutation_type='substitution', reference_base='A', variant_base='T', annotations=[], amino_acid_change=None, end_position=None); Mutation(position=3915, mutation_type='substitution', reference_base='C', variant_base='G', annotations=[], amino_acid_change=None, end_position=None); Mutation(position=3916, mutation_type='deletion', reference_base='C', variant_base='', annotations=[], amino_acid_change=None, end_position=None); Mutation(position=3919, mutation_type='substitution', reference_base='C', variant_base='C', annotations=[], amino_acid_change=None, end_position=None); Mutation(position=3922, mutation_type='substitution', reference_base='C', variant_base='C', annotations=[], amino_acid_change=None, end_position=None); Mutation(position=3925, mutation_type='substitution', reference_base='A', variant_base='T', annotations=[], amino_acid_change=None, end_position=None); Mutation(position=3926, mutation_type='substitution', reference_base='C', variant_base='C', annotations=[], amino_acid_change=None, end_position=None); Mutation(position=3927, mutation_type='substitution', reference_base='C', variant_base='C', annotations=[], amino_acid_change=None, end_position=None); Mutation(position=3929, mutation_type='deletion', reference_base='C', variant_base='', annotations=[], amino_acid_change=None, end_position=None); Mutation(position=3931, mutation_type='substitution', reference_base='C', variant_base='C', annotations=[], amino_acid_change=None, end_position=None); Mutation(position=3932, mutation_type='substitution', reference_base='C', variant_base='A', annotations=[], amino_acid_change=None, end_position=None); Mutation(position=3933, mutation_type='substitution', reference_base='C', variant_base='G', annotations=[], amino_acid_change=None, end_position=None); Mutation(position=3934, mutation_type='substitution', reference_base='C', variant_base='C', annotations=[], amino_acid_change=None, end_position=None); Mutation(position=3938, mutation_type='insertion', reference_base='', variant_base='T', annotations=[], amino_acid_change=None, end_position=None); Mutation(position=3938, mutation_type='insertion', reference_base='', variant_base='T', annotations=[], amino_acid_change=None, end_position=None); Mutation(position=3939, mutation_type='substitution', reference_base='C', variant_base='T', annotations=[], amino_acid_change=None, end_position=None); Mutation(position=3940, mutation_type='deletion', reference_base='C', variant_base='', annotations=[], amino_acid_change=None, end_position=None); Mutation(position=3943, mutation_type='substitution', reference_base='T', variant_base='T', annotations=[], amino_acid_change=None, end_position=None); Mutation(position=3944, mutation_type='substitution', reference_base='C', variant_base='C', annotations=[], amino_acid_change=None, end_position=None); Mutation(position=3946, mutation_type='insertion', reference_base='', variant_base='A', annotations=[], amino_acid_change=None, end_position=None); Mutation(position=3946, mutation_type='insertion', reference_base='', variant_base='T', annotations=[], amino_acid_change=None, end_position=None); Mutation(position=3949, mutation_type='substitution', reference_base='C', variant_base='A', annotations=[], amino_acid_change=None, end_position=None); Mutation(position=3952, mutation_type='insertion', reference_base='', variant_base='T', annotations=[], amino_acid_change=None, end_position=None); Mutation(position=3952, mutation_type='substitution', reference_base='G', variant_base='A', annotations=[], amino_acid_change=None, end_position=None); Mutation(position=3955, mutation_type='substitution', reference_base='G', variant_base='G', annotations=[], amino_acid_change=None, end_position=None); Mutation(position=3956, mutation_type='substitution', reference_base='C', variant_base='C', annotations=[], amino_acid_change=None, end_position=None); Mutation(position=3957, mutation_type='substitution', reference_base='C', variant_base='G', annotations=[], amino_acid_change=None, end_position=None); Mutation(position=3959, mutation_type='substitution', reference_base='C', variant_base='A', annotations=[], amino_acid_change=None, end_position=None); Mutation(position=3961, mutation_type='insertion', reference_base='', variant_base='G', annotations=[], amino_acid_change=None, end_position=None); Mutation(position=3961, mutation_type='substitution', reference_base='C', variant_base='A', annotations=[], amino_acid_change=None, end_position=None); Mutation(position=3964, mutation_type='substitution', reference_base='C', variant_base='G', annotations=[], amino_acid_change=None, end_position=None); Mutation(position=3966, mutation_type='deletion', reference_base='G', variant_base='', annotations=[], amino_acid_change=None, end_position=None); Mutation(position=3968, mutation_type='substitution', reference_base='A', variant_base='A', annotations=[], amino_acid_change=None, end_position=None); Mutation(position=3969, mutation_type='substitution', reference_base='C', variant_base='G', annotations=[], amino_acid_change=None, end_position=None); Mutation(position=3970, mutation_type='substitution', reference_base='G', variant_base='G', annotations=[], amino_acid_change=None, end_position=None); Mutation(position=3971, mutation_type='substitution', reference_base='C', variant_base='A', annotations=[], amino_acid_change=None, end_position=None); Mutation(position=3973, mutation_type='substitution', reference_base='C', variant_base='C', annotations=[], amino_acid_change=None, end_position=None); Mutation(position=3977, mutation_type='deletion', reference_base='A', variant_base='', annotations=[], amino_acid_change=None, end_position=None); Mutation(position=3978, mutation_type='deletion', reference_base='A', variant_base='', annotations=[], amino_acid_change=None, end_position=None); Mutation(position=3981, mutation_type='substitution', reference_base='A', variant_base='G', annotations=[], amino_acid_change=None, end_position=None); Mutation(position=3984, mutation_type='deletion', reference_base='A', variant_base='', annotations=[], amino_acid_change=None, end_position=None); Mutation(position=3986, mutation_type='substitution', reference_base='A', variant_base='A', annotations=[], amino_acid_change=None, end_position=None); Mutation(position=3987, mutation_type='substitution', reference_base='A', variant_base='C', annotations=[], amino_acid_change=None, end_position=None); Mutation(position=3989, mutation_type='substitution', reference_base='A', variant_base='T', annotations=[], amino_acid_change=None, end_position=None); Mutation(position=3991, mutation_type='substitution', reference_base='A', variant_base='G', annotations=[], amino_acid_change=None, end_position=None); Mutation(position=3992, mutation_type='substitution', reference_base='C', variant_base='T', annotations=[], amino_acid_change=None, end_position=None); Mutation(position=3994, mutation_type='insertion', reference_base='', variant_base='A', annotations=[], amino_acid_change=None, end_position=None); Mutation(position=3996, mutation_type='insertion', reference_base='', variant_base='A', annotations=[], amino_acid_change=None, end_position=None); Mutation(position=3996, mutation_type='insertion', reference_base='', variant_base='T', annotations=[], amino_acid_change=None, end_position=None); Mutation(position=3997, mutation_type='substitution', reference_base='G', variant_base='G', annotations=[], amino_acid_change=None, end_position=None); Mutation(position=3999, mutation_type='deletion', reference_base='G', variant_base='', annotations=[], amino_acid_change=None, end_position=None); Mutation(position=4001, mutation_type='substitution', reference_base='C', variant_base='C', annotations=[], amino_acid_change=None, end_position=None); Mutation(position=4006, mutation_type='deletion', reference_base='T', variant_base='', annotations=[], amino_acid_change=None, end_position=None); Mutation(position=4699, mutation_type='substitution', reference_base='T', variant_base='T', annotations=[], amino_acid_change=None, end_position=None); Mutation(position=4700, mutation_type='substitution', reference_base='A', variant_base='T', annotations=[], amino_acid_change=None, end_position=None); Mutation(position=4701, mutation_type='substitution', reference_base='A', variant_base='T', annotations=[], amino_acid_change=None, end_position=None); Mutation(position=4704, mutation_type='insertion', reference_base='', variant_base='C', annotations=[], amino_acid_change=None, end_position=None); Mutation(position=4704, mutation_type='substitution', reference_base='A', variant_base='T', annotations=[], amino_acid_change=None, end_position=None); Mutation(position=4706, mutation_type='insertion', reference_base='', variant_base='T', annotations=[], amino_acid_change=None, end_position=None); Mutation(position=4706, mutation_type='substitution', reference_base='C', variant_base='A', annotations=[], amino_acid_change=None, end_position=None); Mutation(position=4709, mutation_type='substitution', reference_base='A', variant_base='C', annotations=[], amino_acid_change=None, end_position=None); Mutation(position=4710, mutation_type='deletion', reference_base='A', variant_base='', annotations=[], amino_acid_change=None, end_position=None); Mutation(position=4712, mutation_type='substitution', reference_base='T', variant_base='T', annotations=[], amino_acid_change=None, end_position=None); Mutation(position=4713, mutation_type='substitution', reference_base='C', variant_base='C', annotations=[], amino_acid_change=None, end_position=None); Mutation(position=4716, mutation_type='deletion', reference_base='G', variant_base='', annotations=[], amino_acid_change=None, end_position=None); Mutation(position=4718, mutation_type='substitution', reference_base='A', variant_base='A', annotations=[], amino_acid_change=None, end_position=None); Mutation(position=4721, mutation_type='insertion', reference_base='', variant_base='C', annotations=[], amino_acid_change=None, end_position=None); Mutation(position=4722, mutation_type='substitution', reference_base='A', variant_base='C', annotations=[], amino_acid_change=None, end_position=None); Mutation(position=4723, mutation_type='substitution', reference_base='T', variant_base='T', annotations=[], amino_acid_change=None, end_position=None); Mutation(position=4724, mutation_type='deletion', reference_base='C', variant_base='', annotations=[], amino_acid_change=None, end_position=None); Mutation(position=4726, mutation_type='substitution', reference_base='C', variant_base='C', annotations=[], amino_acid_change=None, end_position=None); Mutation(position=4728, mutation_type='substitution', reference_base='A', variant_base='G', annotations=[], amino_acid_change=None, end_position=None); Mutation(position=4731, mutation_type='insertion', reference_base='', variant_base='G', annotations=[], amino_acid_change=None, end_position=None); Mutation(position=4733, mutation_type='substitution', reference_base='T', variant_base='T', annotations=[], amino_acid_change=None, end_position=None); Mutation(position=4735, mutation_type='substitution', reference_base='A', variant_base='A', annotations=['rrnB T1 terminator'], amino_acid_change=None, end_position=None); Mutation(position=4738, mutation_type='substitution', reference_base='T', variant_base='G', annotations=['rrnB T1 terminator'], amino_acid_change=None, end_position=None); Mutation(position=4739, mutation_type='substitution', reference_base='A', variant_base='C', annotations=['rrnB T1 terminator'], amino_acid_change=None, end_position=None); Mutation(position=4740, mutation_type='substitution', reference_base='A', variant_base='G', annotations=['rrnB T1 terminator'], amino_acid_change=None, end_position=None); Mutation(position=4742, mutation_type='substitution', reference_base='A', variant_base='T', annotations=['rrnB T1 terminator'], amino_acid_change=None, end_position=None); Mutation(position=4744, mutation_type='deletion', reference_base='G', variant_base='', annotations=['rrnB T1 terminator'], amino_acid_change=None, end_position=None); Mutation(position=4747, mutation_type='substitution', reference_base='A', variant_base='G', annotations=['rrnB T1 terminator'], amino_acid_change=None, end_position=None); Mutation(position=4748, mutation_type='deletion', reference_base='G', variant_base='', annotations=['rrnB T1 terminator'], amino_acid_change=None, end_position=None); Mutation(position=4749, mutation_type='deletion', reference_base='G', variant_base='', annotations=['rrnB T1 terminator'], amino_acid_change=None, end_position=None); Mutation(position=4755, mutation_type='deletion', reference_base='T', variant_base='', annotations=['rrnB T1 terminator'], amino_acid_change=None, end_position=None); Mutation(position=4757, mutation_type='deletion', reference_base='G', variant_base='', annotations=['rrnB T1 terminator'], amino_acid_change=None, end_position=None); Mutation(position=4759, mutation_type='substitution', reference_base='A', variant_base='T', annotations=['rrnB T1 terminator'], amino_acid_change=None, end_position=None); Mutation(position=4760, mutation_type='substitution', reference_base='A', variant_base='T', annotations=['rrnB T1 terminator'], amino_acid_change=None, end_position=None); Mutation(position=4761, mutation_type='deletion', reference_base='G', variant_base='', annotations=['rrnB T1 terminator'], amino_acid_change=None, end_position=None); Mutation(position=4762, mutation_type='deletion', reference_base='A', variant_base='', annotations=['rrnB T1 terminator'], amino_acid_change=None, end_position=None); Mutation(position=4766, mutation_type='substitution', reference_base='G', variant_base='A', annotations=['rrnB T1 terminator'], amino_acid_change=None, end_position=None); Mutation(position=4767, mutation_type='substitution', reference_base='G', variant_base='A', annotations=['rrnB T1 terminator'], amino_acid_change=None, end_position=None); Mutation(position=4771, mutation_type='substitution', reference_base='T', variant_base='C', annotations=['rrnB T1 terminator'], amino_acid_change=None, end_position=None); Mutation(position=4772, mutation_type='substitution', reference_base='T', variant_base='T', annotations=['rrnB T1 terminator'], amino_acid_change=None, end_position=None); Mutation(position=4775, mutation_type='deletion', reference_base='T', variant_base='', annotations=['rrnB T1 terminator'], amino_acid_change=None, end_position=None); Mutation(position=4776, mutation_type='deletion', reference_base='T', variant_base='', annotations=['rrnB T1 terminator'], amino_acid_change=None, end_position=None); Mutation(position=4777, mutation_type='deletion', reference_base='T', variant_base='', annotations=['rrnB T1 terminator'], amino_acid_change=None, end_position=None); Mutation(position=4778, mutation_type='deletion', reference_base='T', variant_base='', annotations=['rrnB T1 terminator'], amino_acid_change=None, end_position=None); Mutation(position=4779, mutation_type='deletion', reference_base='A', variant_base='', annotations=['rrnB T1 terminator'], amino_acid_change=None, end_position=None); Mutation(position=4780, mutation_type='deletion', reference_base='T', variant_base='', annotations=['rrnB T1 terminator'], amino_acid_change=None, end_position=None); Mutation(position=4782, mutation_type='substitution', reference_base='T', variant_base='A', annotations=['rrnB T1 terminator'], amino_acid_change=None, end_position=None); Mutation(position=4784, mutation_type='substitution', reference_base='T', variant_base='G', annotations=['rrnB T1 terminator'], amino_acid_change=None, end_position=None); Mutation(position=4786, mutation_type='substitution', reference_base='G', variant_base='G', annotations=['rrnB T1 terminator'], amino_acid_change=None, end_position=None); Mutation(position=4787, mutation_type='substitution', reference_base='T', variant_base='C', annotations=['rrnB T1 terminator'], amino_acid_change=None, end_position=None); Mutation(position=4789, mutation_type='deletion', reference_base='T', variant_base='', annotations=['rrnB T1 terminator'], amino_acid_change=None, end_position=None); Mutation(position=4791, mutation_type='deletion', reference_base='T', variant_base='', annotations=['rrnB T1 terminator'], amino_acid_change=None, end_position=None); Mutation(position=4793, mutation_type='substitution', reference_base='G', variant_base='T', annotations=['rrnB T1 terminator'], amino_acid_change=None, end_position=None); Mutation(position=4796, mutation_type='deletion', reference_base='G', variant_base='', annotations=['rrnB T1 terminator'], amino_acid_change=None, end_position=None); Mutation(position=4798, mutation_type='deletion', reference_base='A', variant_base='', annotations=['rrnB T1 terminator'], amino_acid_change=None, end_position=None); Mutation(position=4801, mutation_type='deletion', reference_base='C', variant_base='', annotations=['rrnB T1 terminator'], amino_acid_change=None, end_position=None); Mutation(position=4803, mutation_type='substitution', reference_base='C', variant_base='G', annotations=['rrnB T1 terminator'], amino_acid_change=None, end_position=None); Mutation(position=4804, mutation_type='deletion', reference_base='T', variant_base='', annotations=['rrnB T1 terminator'], amino_acid_change=None, end_position=None); Mutation(position=4806, mutation_type='substitution', reference_base='T', variant_base='G', annotations=[], amino_acid_change=None, end_position=None); Mutation(position=4807, mutation_type='substitution', reference_base='A', variant_base='G', annotations=[], amino_acid_change=None, end_position=None); Mutation(position=4809, mutation_type='substitution', reference_base='T', variant_base='T', annotations=[], amino_acid_change=None, end_position=None); Mutation(position=4811, mutation_type='deletion', reference_base='G', variant_base='', annotations=[], amino_acid_change=None, end_position=None); Mutation(position=4813, mutation_type='deletion', reference_base='G', variant_base='', annotations=[], amino_acid_change=None, end_position=None); Mutation(position=4814, mutation_type='deletion', reference_base='T', variant_base='', annotations=[], amino_acid_change=None, end_position=None); Mutation(position=4815, mutation_type='deletion', reference_base='C', variant_base='', annotations=[], amino_acid_change=None, end_position=None); Mutation(position=4818, mutation_type='deletion', reference_base='A', variant_base='', annotations=[], amino_acid_change=None, end_position=None); Mutation(position=4823, mutation_type='substitution', reference_base='C', variant_base='C', annotations=['T7Te terminator'], amino_acid_change=None, end_position=None); Mutation(position=4825, mutation_type='substitution', reference_base='C', variant_base='C', annotations=['T7Te terminator'], amino_acid_change=None, end_position=None); Mutation(position=4829, mutation_type='substitution', reference_base='T', variant_base='G', annotations=['T7Te terminator'], amino_acid_change=None, end_position=None); Mutation(position=4830, mutation_type='deletion', reference_base='T', variant_base='', annotations=['T7Te terminator'], amino_acid_change=None, end_position=None); Mutation(position=4833, mutation_type='substitution', reference_base='G', variant_base='G', annotations=['T7Te terminator'], amino_acid_change=None, end_position=None); Mutation(position=4835, mutation_type='deletion', reference_base='T', variant_base='', annotations=['T7Te terminator'], amino_acid_change=None, end_position=None); Mutation(position=4836, mutation_type='deletion', reference_base='G', variant_base='', annotations=['T7Te terminator'], amino_acid_change=None, end_position=None); Mutation(position=4837, mutation_type='deletion', reference_base='G', variant_base='', annotations=['T7Te terminator'], amino_acid_change=None, end_position=None); Mutation(position=4838, mutation_type='deletion', reference_base='G', variant_base='', annotations=['T7Te terminator'], amino_acid_change=None, end_position=None); Mutation(position=4840, mutation_type='deletion', reference_base='C', variant_base='', annotations=['T7Te terminator'], amino_acid_change=None, end_position=None); Mutation(position=4842, mutation_type='substitution', reference_base='T', variant_base='G', annotations=['T7Te terminator'], amino_acid_change=None, end_position=None); Mutation(position=4845, mutation_type='deletion', reference_base='T', variant_base='', annotations=['T7Te terminator'], amino_acid_change=None, end_position=None); Mutation(position=4848, mutation_type='substitution', reference_base='G', variant_base='C', annotations=['T7Te terminator'], amino_acid_change=None, end_position=None); Mutation(position=4849, mutation_type='substitution', reference_base='T', variant_base='G', annotations=[], amino_acid_change=None, end_position=None); Mutation(position=4850, mutation_type='substitution', reference_base='T', variant_base='T', annotations=[], amino_acid_change=None, end_position=None); Mutation(position=4851, mutation_type='substitution', reference_base='T', variant_base='A', annotations=[], amino_acid_change=None, end_position=None); Mutation(position=4853, mutation_type='deletion', reference_base='T', variant_base='', annotations=[], amino_acid_change=None, end_position=None); Mutation(position=4857, mutation_type='deletion', reference_base='T', variant_base='', annotations=[], amino_acid_change=None, end_position=None); Mutation(position=4859, mutation_type='substitution', reference_base='G', variant_base='T', annotations=[], amino_acid_change=None, end_position=None); Mutation(position=4860, mutation_type='substitution', reference_base='G', variant_base='G', annotations=[], amino_acid_change=None, end_position=None); Mutation(position=4863, mutation_type='deletion', reference_base='G', variant_base='', annotations=[], amino_acid_change=None, end_position=None); Mutation(position=4864, mutation_type='deletion', reference_base='T', variant_base='', annotations=[], amino_acid_change=None, end_position=None); Mutation(position=4865, mutation_type='deletion', reference_base='T', variant_base='', annotations=[], amino_acid_change=None, end_position=None); Mutation(position=4870, mutation_type='deletion', reference_base='T', variant_base='', annotations=[], amino_acid_change=None, end_position=None); Mutation(position=4873, mutation_type='deletion', reference_base='G', variant_base='', annotations=[], amino_acid_change=None, end_position=None); Mutation(position=4874, mutation_type='deletion', reference_base='G', variant_base='', annotations=[], amino_acid_change=None, end_position=None); Mutation(position=4878, mutation_type='deletion', reference_base='G', variant_base='', annotations=[], amino_acid_change=None, end_position=None); Mutation(position=4879, mutation_type='deletion', reference_base='C', variant_base='', annotations=[], amino_acid_change=None, end_position=None); Mutation(position=4880, mutation_type='deletion', reference_base='G', variant_base='', annotations=[], amino_acid_change=None, end_position=None); Mutation(position=4881, mutation_type='deletion', reference_base='C', variant_base='', annotations=[], amino_acid_change=None, end_position=None); Mutation(position=4883, mutation_type='deletion', reference_base='G', variant_base='', annotations=[], amino_acid_change=None, end_position=None)"
AP_OplR_CH_R3_E218L_I252L_Y255T,AP_OplR_CH_R3_0019,B07,E218L_I252L_Y255T,E218L_I252L_Y255T,True,
AP_OplR_CH_R3_E218L_I252Q_Y255T,AP_OplR_CH_R3_0020,B08,E218L_I252Q_Y255T,E218L_I252Q_Y255T,True,
AP_OplR_CH_R3_E218L_I252R_Y255T,AP_OplR_CH_R3_0021,B09,E218L_I252R_Y255T,E218L_I252R_Y255T,True,
AP_OplR_CH_R3_E218L_I252S_Y255T,AP_OplR_CH_R3_0022,B10,E218L_I252S_Y255T,E218L_I252S_Y255T,True,
AP_OplR_CH_R3_E218L_I252T_Y255T,AP_OplR_CH_R3_0023,B11,E218L_I252T_Y255T,E218L_I252T_Y255T,True,
AP_OplR_CH_R3_E218R_I252A_Y255T,AP_OplR_CH_R3_0024,B12,E218R_I252A_Y255T,E218R_I252A_Y255T,True,
AP_OplR_DNL_R3_F34R_Y220H_Y255T,AP_OplR_DNL_R3_0001,C01,F34R_Y220H_Y255T,F34R_Y220H_Y255T,True,
AP_OplR_DNL_R3_L82K_Y220H_Y255T,AP_OplR_DNL_R3_0002,C02,L82K_Y220H_Y255T,L82K_Y220H_Y255T,True,
AP_OplR_DNL_R3_S89G_Y220H_Y255T,AP_OplR_DNL_R3_0003,C03,S89G_Y220H_Y255T,S89G_Y220H_Y255T,True,
AP_OplR_DNL_R3_I100A_Y220H_Y255T,AP_OplR_DNL_R3_0004,C04,I100A_Y220H_Y255T,I100A_Y220H_Y255T,True,
AP_OplR_DNL_R3_K144A_Y146A_Y255T,AP_OplR_DNL_R3_0005,C05,K144A_Y146A_Y255T,K144A_Y146A_Y255T,True,
AP_OplR_DNL_R3_K144E_Y146A_Y255T,AP_OplR_DNL_R3_0006,C06,K144E_Y146A_Y255T,K144E_Y146A_Y255T,True,
AP_OplR_DNL_R3_Y146A_I252A_Y255T,AP_OplR_DNL_R3_0009,C09,Y146A_I252A_Y255T,Y146A_I252A_Y255T,True,
AP_OplR_DNL_R3_Y146A_I252G_Y255T,AP_OplR_DNL_R3_0010,C10,Y146A_I252G_Y255T,Y146A_I252G_Y255T,True,
AP_OplR_DNL_R3_Y146A_I252R_Y255T,AP_OplR_DNL_R3_0012,C12,Y146A_I252R_Y255T,Y146A_I252R_Y255T,True,
AP_OplR_DNL_R3_Y220H_Y245G_Y255T,AP_OplR_DNL_R3_0013,D01,Y220H_Y245G_Y255T,Y220H_Y245G_Y255T,True,
AP_OplR_DNL_R3_Y220H_Y245R_Y255T,AP_OplR_DNL_R3_0014,D02,Y220H_Y245R_Y255T,Y220H_Y245R_Y255T,True,
AP_OplR_DNL_R3_Y220H_I252A_Y255T,AP_OplR_DNL_R3_0015,D03,Y220H_I252A_Y255T,Y220H_I252A_Y255T,True,
AP_OplR_DNL_R3_Y220H_I252G_Y255T,AP_OplR_DNL_R3_0016,D04,Y220H_I252G_Y255T,Y220H_I252G_Y255T,True,
AP_OplR_DNL_R3_Y220H_I252P_Y255T,AP_OplR_DNL_R3_0017,D05,Y220H_I252P_Y255T,Y220H_I252P_Y255T,True,
AP_OplR_DNL_R3_Y220H_Y255T_W260A,AP_OplR_DNL_R3_0018,D06,Y220H_Y255T_W260A,Y220H_Y255T_W260A,True,
AP_OplR_DNL_R3_Y220H_Y255T_W260G,AP_OplR_DNL_R3_0019,D07,Y220H_Y255T_W260G,Y220H_Y255T_W260G,True,
AP_OplR_DNL_R3_Y220H_Y255T_W260Q,AP_OplR_DNL_R3_0020,D08,Y220H_Y255T_W260Q,Y220H_Y255T_W260Q,True,
AP_OplR_DNL_R3_Y220H_Y255T_W260R,AP_OplR_DNL_R3_0021,D09,Y220H_Y255T_W260R,Y220H_Y255T_W260R,True,
AP_OplR_DNL_R3_Y220H_Y255T_W289N,AP_OplR_DNL_R3_0022,D10,Y220H_Y255T_W289N,Y220H_Y255T_W289N,True,
AP_OplR_DNL_R3_Y220H_Y255T_W289Q,AP_OplR_DNL_R3_0023,D11,Y220H_Y255T_W289Q,Y220H_Y255T_W289Q,True,
AP_OplR_DNL_R3_Y220H_Y255T_Y305R,AP_OplR_DNL_R3_0024,D12,Y220H_Y255T_Y305R,Y220H_Y255T_Y305R_C307A_T308R_A309R_S310A_E311K_V312C_R313G_A314L_T315R_R316V_T317R_H318T_*319E,False,
AP_OplR_EVL_R3_W10V_Q123D_L241I,AP_OplR_EVL_R3_0001,E01,W10V_Q123D_L241I,W10V_Q123D_L241I,True,
AP_OplR_EVL_R3_W10V_Q123D_Q303R,AP_OplR_EVL_R3_0002,E02,W10V_Q123D_Q303R,W10V_Q123D_Q303R,True,
AP_OplR_EVL_R3_P13R_Q123D_L241I,AP_OplR_EVL_R3_0003,E03,P13R_Q123D_L241I,P13R_Q123D_L241I,True,"Mutation(position=5767, mutation_type='substitution', reference_base='G', variant_base='T', annotations=[], amino_acid_change=None, end_position=None)"
AP_OplR_EVL_R3_Q16R_Q123D_L241I,AP_OplR_EVL_R3_0004,E04,Q16R_Q123D_L241I,Q16R_Q123D_L241I,True,
AP_OplR_EVL_R3_Q16R_Q123D_Q303R,AP_OplR_EVL_R3_0005,E05,Q16R_Q123D_Q303R,Q16R_Q123D_Q303R,True,"Mutation(position=5686, mutation_type='substitution', reference_base='G', variant_base='T', annotations=[], amino_acid_change=None, end_position=None)"
AP_OplR_EVL_R3_A20R_Q123D_L241I,AP_OplR_EVL_R3_0006,E06,A20R_Q123D_L241I,A20R_Q123D_L241I,True,
AP_OplR_EVL_R3_G65T_Q123D_L241I,AP_OplR_EVL_R3_0007,E07,G65T_Q123D_L241I,G65T_Q123D_L241I,True,
AP_OplR_EVL_R3_Q75R_Q123D_L241I,AP_OplR_EVL_R3_0008,E08,Q75R_Q123D_L241I,Q75R_V83P_T84I_V85R_H87P_G88S_S89E_E90T_V91S_F93R_E94A_Q95S_D96T_G97Y_H98S_Q99D_I100G_C102R_P104C_G105R_G106S_F107G_I108*_V109S_E110G_G112R_D113A_A114S_P115G_Y116A_F118A_H119S_Y120R_G121T_T122V_Q123R_N124Q_D125A_L126Q_W127G_V128A_L129H_K130A_L131R_P132R_E133R_R134G_A135S_L136R_K137R_A138D_N139P_L140W_L141R_G142C_H143L_K144L_R145A_Y146E_T147Y_R148H_H149G_C150G_F151K_D152W_A153P_R154L_Q155F_G156W_L157I_G158H_I160L_F161W_V162P_E163A_Q164G_L165C_D166G_L167G_C168P_A169L_R170S_H171G_F172H_D173S_T174V_S175G_P176Y_A178*_A179Y_R180C_H181*_L182R_L183A_L184W_E185R_Q186R_A187M_S188G_A189*_T190P_L192P_L193R_Q196R_Q197Y_D198R_E199R_R200S_V201R_L202F_G203A_S204A_E205H_G206R_S207L_N208L_L209S_S210P_T211S_L212*_H213R_L214V_T215L_R216L_V217S_E218G_Q219T_Y220L_V221G_Q222F_Q223E_N224S_L225S_G226L_D227G_P228L_E229L_S231I_P232D_Q233P_T234V_I235M_A236T_G237S_A238E_C239L_G240H_S242D_R244F_Y245R_L246T_H247L_K248G_L249C_F250R_A251R_I252A_T253F_P254F_Y255I_T256G_L257E_E259P_W260S_V261F_R262H_L263S_Q264G_L266A_E267D_A268S_V269*_H270L_R271S_Q272P_L273R_R274D_D275Y_P276A_H277S_C278F_H279K_L280K_A281E_G283Y_E284I_L285C_A286P_F287Q_R288N_W289S_G290R_F291P_A292T_D293A_Q294G_A295H_Q296S_F297Q_T298S_R299A_A300R_F301Y_R302A_Q303G_Q304P_Y305K_G306P_C307S_T308V_A309T_S310P_E311I_V312S_R313H_A314*_T315A_R316L_T317N_H318L_*319L,False,
AP_OplR_EVL_R3_Q75R_Q123D_Q303R,AP_OplR_EVL_R3_0009,E09,Q75R_Q123D_Q303R,Q75R_L82W_V83*_T84P_V85C_P86R_H87M_G88A_S89A_E90R_V91C_H92T_F93L_E94N_Q95R_D96T_G97A_H98T_Q99R_I100S_S101V_C102A_S103A_P104R_G105A_G106V_F107S_I108S_V109S_E110S_R111A_G112A_D113M_A114H_Y116T_R117A_F118S_H119T_Y120T_G121A_T122R_Q123T_N124T_D125T_L126C_W127G_V128C_L129S_K130S_L131C_E133S_R134V_A135R_L136S_A138P_N139T_L140C_L141W_H143T_K144S_R145A_Y146I_T147P_R148G_H149I_C150A_F151S_D152T_A153P_R154V_Q155R_G156A_L157W_R159A_I160S_F161S_V162S_E163S_Q164N_L165S_D166T_L167C_C168V_A169P_R170A_H171I_F172S_D173T_T174P_S175A_P177R_A178Q_A179P_R180G_H181I_L182Y_L183C_L184W_E185N_Q186R_A187P_S188P_A189P_T190P_L191C_L192C_L193W_A194P_L195C_Q196S_Q197R_D198M_E199S_R200A_V201C_L202W_G203A_S204A_E205K_G206A_S207A_N208T_L209S_S210A_T211P_L212C_H213T_L214*_T215R_R216G_V217S_E218S_Q219S_Y220T_V221C_Q222S_Q223K_N224T_L225W_G226V_D227T_E229S_L230C_S231R_P232H_Q233K_T234P_I235S_A236P_G237A_A238P_C239V_L241C_S242R_L243C_R244V_Y245I_L246C_H247T_K248S_L249C_F250S_A251R_I252S_T253R_Y255T_T256P_N258M_E259S_W260G_V261Y_R262A_L263F_Q264N_R265A_L266W_E267R_A268P_V269C_H270T_R271G_Q272N_L273C_R274A_D275T_P276R_H277I_C278A_H279T_L280W_A281P_I282S_G283A_E284N_L285W_A286H_R288A_W289G_G290V_F291L_A292P_D293T_Q294R_A295R_Q296N_F297S_T298P_R299A_A300R_R302A_Q303A_Q304S_Y305M_C307A_T308R_A309R_S310A_E311K_V312C_R313G_A314L_T315R_R316V_T317R_H318T_*319E,False,
AP_OplR_EVL_R3_Q123D_T215R_Q303R,AP_OplR_EVL_R3_0010,E10,Q123D_T215R_Q303R,Q123D_T215R_G226P_D227I_P228R_E229P_L230P_P232E_Q233T_T234S_I235H_A236R_G237A_A238S_C239T_G240Y_L241S_S242D_L243G_R244S_Y245R_L246S_H247C_K248R_L249S_F250G_A251*_I252S_T253G_P254R_Y255R_T256A_L257S_N258G_E259A_W260R_V261A_R262S_L263R_Q264T_R265V_L266R_E267R_A268P_V269R_R271S_L273S_R274A_D275R_P276Y_H277A_C278G_H279P_L280K_A281P_I282S_G283V_E284T_L285P_A286I_F287S_R288H_W289*_G290A_F291L_A292N_D293L_Q294L_A295P_Q296D_F297S_T298R_R299S_A300M_F301A_R302T_Q303C_Q304S_Y305A_C307V_T308R_A309R_S310A_E311R_V312R_R313S_T315C_T317A_H318C_*319G,False,
AP_OplR_EVL_R3_Q123D_E218K_L241I,AP_OplR_EVL_R3_0011,E11,Q123D_E218K_L241I,Q123D_E218K_L241I,True,
AP_OplR_EVL_R3_Q123D_E218K_Q296H,AP_OplR_EVL_R3_0012,E12,Q123D_E218K_Q296H,Q123D_E218K_Q296H,True,
AP_OplR_EVL_R3_Q123D_E218K_Q303R,AP_OplR_EVL_R3_0013,F01,Q123D_E218K_Q303R,Q123D_E218K_Q303R,True,
AP_OplR_EVL_R3_Q123D_E218R_L241I,AP_OplR_EVL_R3_0014,F02,Q123D_E218R_L241I,Q123D_E218R_L241I,True,
AP_OplR_EVL_R3_Q123D_E218R_Q296H,AP_OplR_EVL_R3_0015,F03,Q123D_E218R_Q296H,Q123D_E218R_Q296H,True,
AP_OplR_EVL_R3_Q123D_E218R_Q303R,AP_OplR_EVL_R3_0016,F04,Q123D_E218R_Q303R,Q123D_E218R_Q303R,True,
AP_OplR_EVL_R3_Q123D_L241I_Y255K,AP_OplR_EVL_R3_0017,F05,Q123D_L241I_Y255K,Q123D_L241I_Y255K_E267P_A268I_V269R_H270P_R271P_Q272S_L273E_R274T_D275S_P276H_H277R_C278A_H279S_L280T_A281Y_I282S_G283D_E284G_L285S_A286R_F287S_R288C_W289R_G290S_F291G_A292*_D293S_Q294G_A295R_Q296R_F297A_T298S_R299G_F301R_R302A_Q303S_Q304R_Y305T_G306V_C307R_T308Q_S310Q_E311G_V312A_R313H_T315R_T317R_H318G_*319S,False,
AP_OplR_EVL_R3_Q123D_L241I_Q296H,AP_OplR_EVL_R3_0019,F07,Q123D_L241I_Q296H,Q123D_L241I_Q296H,True,
AP_OplR_EVL_R3_Q123D_L241I_Q303R,AP_OplR_EVL_R3_0020,F08,Q123D_L241I_Q303R,Q123D_L241I_Q303R,True,"Mutation(position=5748, mutation_type='substitution', reference_base='G', variant_base='A', annotations=[], amino_acid_change=None, end_position=None)"
AP_OplR_EVL_R3_Q123D_I252A_Q303R,AP_OplR_EVL_R3_0021,F09,Q123D_I252A_Q303R,Q123D_I252A_Q303R,True,
AP_OplR_EVL_R3_Q123D_Y255R_Q303R,AP_OplR_EVL_R3_0022,F10,Q123D_Y255R_Q303R,Q123D_Y255R_Q303R,True,
AP_OplR_EVL_R3_Q123D_L263R_Q296H,AP_OplR_EVL_R3_0023,F11,Q123D_L263R_Q296H,Q123D_L263R_Q296H,True,"Mutation(position=5278, mutation_type='substitution', reference_base='G', variant_base='A', annotations=[], amino_acid_change=None, end_position=None)"
AP_OplR_EVL_R3_Q123D_L263R_Q303R,AP_OplR_EVL_R3_0024,F12,Q123D_L263R_Q303R,Q123D_L263R_Q303R,True,
